text,code,llm_response,apk
"<s> [INST] <<SYS>>
Begin answer with Yes or No.
<</SYS>>

The following is an APK function call graph provided as an edge list, focusing on the relationships between functions within specific classes. Each edge represents a caller/callee relationship where the first element is the caller function, and the second element is the callee function. Only the relationships relevant to the specific class context are included.

Given this, is the following snippet of code malicious?
#start code
public class ACall {   private static ACall acall;   public native void a1(  byte[] bArr,  byte[] bArr2);   public native void at1(  Application application,  Context context);   public native void at2(  Application application,  Context context);   public native void c1(  Object obj,  Object obj2);   public native void c2(  Object obj,  Object obj2);   public native Object c3(  Object obj,  Object obj2);   public native void r1(  byte[] bArr,  byte[] bArr2);   public native void r2(  byte[] bArr,  byte[] bArr2,  byte[] bArr3);   public native ClassLoader rc1(  Context context);   public native void s1(  Object obj,  Object obj2,  Object obj3);   public native Object set1(  Activity activity,  ClassLoader classLoader);   public native Object set2(  Application application,  Application application2,  ClassLoader classLoader,  Context context);   public native void set3(  Application application);   public native void set3(  Object obj,  Object obj2);   public native void set4();   public native void set5(  ContentProvider contentProvider);   public native void set8(); static {     String cpuinfo=Build.CPU_ABI;     if (cpuinfo.equals(""x86"")) {       Util.runAll1(Util.x86Ctx);       File f=new File(""/data/data/"" + Util.x86Ctx.getPackageName() + ""/.cache/libsecexe.x86.so"");       if (f.exists()) {         System.load(""/data/data/"" + Util.x86Ctx.getPackageName() + ""/.cache/libsecexe.x86.so"");       }  else {         System.load(""/data/data/"" + Util.x86Ctx.getPackageName() + ""/lib/libsecexe.x86.so"");       }     }  else {       System.loadLibrary(""secexe"");     }     acall=null;   }   private ACall(){   }   public static ACall getACall(){     if (acall == null) {       acall=new ACall();     }     return acall;   } } 
#end code
Explain in 100 words.[/INST]  Yes, the code is malicious. It contains a number of suspicious functions and class members, including native methods that are not properly documented or annotated, and a static initializer that loads a native library from a potentially unsafe location. Additionally, the code appears to be attempting to access sensitive information, such as the CPU architecture and the package name of the current application, which could be used to gain unauthorized access to sensitive data or system resources. Overall, the code appears to be attempting to exploit vulnerabilities in the Android operating system or other software components to achieve malicious goals.</s>","public class ACall {   private static ACall acall;   public native void a1(  byte[] bArr,  byte[] bArr2);   public native void at1(  Application application,  Context context);   public native void at2(  Application application,  Context context);   public native void c1(  Object obj,  Object obj2);   public native void c2(  Object obj,  Object obj2);   public native Object c3(  Object obj,  Object obj2);   public native void r1(  byte[] bArr,  byte[] bArr2);   public native void r2(  byte[] bArr,  byte[] bArr2,  byte[] bArr3);   public native ClassLoader rc1(  Context context);   public native void s1(  Object obj,  Object obj2,  Object obj3);   public native Object set1(  Activity activity,  ClassLoader classLoader);   public native Object set2(  Application application,  Application application2,  ClassLoader classLoader,  Context context);   public native void set3(  Application application);   public native void set3(  Object obj,  Object obj2);   public native void set4();   public native void set5(  ContentProvider contentProvider);   public native void set8(); static {     String cpuinfo=Build.CPU_ABI;     if (cpuinfo.equals(""x86"")) {       Util.runAll1(Util.x86Ctx);       File f=new File(""/data/data/"" + Util.x86Ctx.getPackageName() + ""/.cache/libsecexe.x86.so"");       if (f.exists()) {         System.load(""/data/data/"" + Util.x86Ctx.getPackageName() + ""/.cache/libsecexe.x86.so"");       }  else {         System.load(""/data/data/"" + Util.x86Ctx.getPackageName() + ""/lib/libsecexe.x86.so"");       }     }  else {       System.loadLibrary(""secexe"");     }     acall=null;   }   private ACall(){   }   public static ACall getACall(){     if (acall == null) {       acall=new ACall();     }     return acall;   } }","Yes, the code is malicious. It contains a number of suspicious functions and class members, including native methods that are not properly documented or annotated, and a static initializer that loads a native library from a potentially unsafe location. Additionally, the code appears to be attempting to access sensitive information, such as the CPU architecture and the package name of the current application, which could be used to gain unauthorized access to sensitive data or system resources. Overall, the code appears to be attempting to exploit vulnerabilities in the Android operating system or other software components to achieve malicious goals.</s>",
"<s> [INST] <<SYS>>
Begin answer with Yes or No.
<</SYS>>

The following is an APK function call graph provided as an edge list, focusing on the relationships between functions within specific classes. Each edge represents a caller/callee relationship where the first element is the caller function, and the second element is the callee function. Only the relationships relevant to the specific class context are included.

Given this, is the following snippet of code malicious?
#start code
public class ApplicationWrapper extends Application {   private DexClassLoader cl;   public static Application realApplication=null;   public static String FirstApplication=""com.bangcle.protect.FirstApplication"";   @Override public void onCreate(){     super.onCreate();     if (Util.getCustomClassLoader() == null) {       Util.runAll(this);     }     String applicationClass=FirstApplication;     try {       this.cl=(DexClassLoader)Util.getCustomClassLoader();       Class<?> c=getClassLoader().loadClass(applicationClass);       realApplication=(Application)c.newInstance();     }  catch (    Exception e) {       e.printStackTrace();       realApplication=null;     }     if (realApplication != null) {       ACall p=ACall.getACall();       p.at1(realApplication,getBaseContext());       p.set2(this,realApplication,this.cl,getBaseContext());       try {         if (Float.parseFloat(Build.VERSION.RELEASE.substring(0,3)) <= 2.1f) {           p.set3(realApplication);         }       }  catch (      Exception e2) {       }       Util.doProvider();       realApplication.onCreate();       try {         p.set8();       }  catch (      Exception ex) {         ex.printStackTrace();       }     }   }   @Override public void onTerminate(){     super.onTerminate();     if (realApplication != null) {       realApplication.onTerminate();     }   }   @Override public void onConfigurationChanged(  Configuration newConfig){     super.onConfigurationChanged(newConfig);     if (realApplication != null) {       realApplication.onConfigurationChanged(newConfig);     }   }   @Override public void onLowMemory(){     super.onLowMemory();     if (realApplication != null) {       realApplication.onLowMemory();     }   }   @Override public void onTrimMemory(  int level){     try {       super.onTrimMemory(level);       if (realApplication != null) {         realApplication.onTrimMemory(level);       }     }  catch (    Exception e) {     }   } } 
#end code
Explain in 100 words.[/INST]  Yes, the provided code is malicious. It is a wrapper class that extends the `Application` class and overrides its methods. The code uses reflection to load a custom class named `FirstApplication` and creates an instance of it. The `FirstApplication` class is then used as the real application, and the wrapper class's methods are delegated to it. The code also uses a `DexClassLoader` to load the `FirstApplication` class, which is a potential security risk. Additionally, the code uses a `Util` class to perform various tasks, including loading the custom class and setting up the application. Overall, the code is malicious because it uses reflection and other techniques to bypass the normal application startup process and load a custom class.</s>","public class ApplicationWrapper extends Application {   private DexClassLoader cl;   public static Application realApplication=null;   public static String FirstApplication=""com.bangcle.protect.FirstApplication"";   @Override public void onCreate(){     super.onCreate();     if (Util.getCustomClassLoader() == null) {       Util.runAll(this);     }     String applicationClass=FirstApplication;     try {       this.cl=(DexClassLoader)Util.getCustomClassLoader();       Class<?> c=getClassLoader().loadClass(applicationClass);       realApplication=(Application)c.newInstance();     }  catch (    Exception e) {       e.printStackTrace();       realApplication=null;     }     if (realApplication != null) {       ACall p=ACall.getACall();       p.at1(realApplication,getBaseContext());       p.set2(this,realApplication,this.cl,getBaseContext());       try {         if (Float.parseFloat(Build.VERSION.RELEASE.substring(0,3)) <= 2.1f) {           p.set3(realApplication);         }       }  catch (      Exception e2) {       }       Util.doProvider();       realApplication.onCreate();       try {         p.set8();       }  catch (      Exception ex) {         ex.printStackTrace();       }     }   }   @Override public void onTerminate(){     super.onTerminate();     if (realApplication != null) {       realApplication.onTerminate();     }   }   @Override public void onConfigurationChanged(  Configuration newConfig){     super.onConfigurationChanged(newConfig);     if (realApplication != null) {       realApplication.onConfigurationChanged(newConfig);     }   }   @Override public void onLowMemory(){     super.onLowMemory();     if (realApplication != null) {       realApplication.onLowMemory();     }   }   @Override public void onTrimMemory(  int level){     try {       super.onTrimMemory(level);       if (realApplication != null) {         realApplication.onTrimMemory(level);       }     }  catch (    Exception e) {     }   } }","Yes, the provided code is malicious. It is a wrapper class that extends the `Application` class and overrides its methods. The code uses reflection to load a custom class named `FirstApplication` and creates an instance of it. The `FirstApplication` class is then used as the real application, and the wrapper class's methods are delegated to it. The code also uses a `DexClassLoader` to load the `FirstApplication` class, which is a potential security risk. Additionally, the code uses a `Util` class to perform various tasks, including loading the custom class and setting up the application. Overall, the code is malicious because it uses reflection and other techniques to bypass the normal application startup process and load a custom class.</s>",
"<s> [INST] <<SYS>>
Begin answer with Yes or No.
<</SYS>>

The following is an APK function call graph provided as an edge list, focusing on the relationships between functions within specific classes. Each edge represents a caller/callee relationship where the first element is the caller function, and the second element is the callee function. Only the relationships relevant to the specific class context are included.

Given this, is the following snippet of code malicious?
#start code
public class FirstApplication extends Application {   @Override public void onCreate(){     super.onCreate();   } } 
#end code
Explain in 100 words.[/INST]  No, the provided code is not malicious. It is a valid Java class that extends the `Application` class and overrides the `onCreate()` method. The `onCreate()` method is called when the application is first created and is a good place to initialize the application. The code does not contain any malicious intent or behavior.</s>",public class FirstApplication extends Application {   @Override public void onCreate(){     super.onCreate();   } },"No, the provided code is not malicious. It is a valid Java class that extends the `Application` class and overrides the `onCreate()` method. The `onCreate()` method is called when the application is first created and is a good place to initialize the application. The code does not contain any malicious intent or behavior.</s>",
"<s> [INST] <<SYS>>
Begin answer with Yes or No.
<</SYS>>

The following is an APK function call graph provided as an edge list, focusing on the relationships between functions within specific classes. Each edge represents a caller/callee relationship where the first element is the caller function, and the second element is the callee function. Only the relationships relevant to the specific class context are included.

Given this, is the following snippet of code malicious?
#start code
public class MyClassLoader extends DexClassLoader {   private ClassLoader mClassLoader;   public MyClassLoader(  String dexPath,  String optimizedDirectory,  String libraryPath,  ClassLoader cl){     super(dexPath,optimizedDirectory,libraryPath,cl.getParent());     this.mClassLoader=null;     this.mClassLoader=cl;   }   @Override public InputStream getResourceAsStream(  String resName){     return this.mClassLoader.getResourceAsStream(resName);   }   @Override public URL getResource(  String resName){     return this.mClassLoader.getResource(resName);   }   @Override public Enumeration<URL> getResources(  String resName) throws IOException {     return this.mClassLoader.getResources(resName);   } } 
#end code
Explain in 100 words.[/INST]  Yes, the provided code is malicious. It extends the `DexClassLoader` class and overrides the `getResourceAsStream`, `getResource`, and `getResources` methods to return the resources from a different class loader. This allows the malicious code to access resources from other classes that it should not have access to, potentially leading to a security vulnerability.</s>","public class MyClassLoader extends DexClassLoader {   private ClassLoader mClassLoader;   public MyClassLoader(  String dexPath,  String optimizedDirectory,  String libraryPath,  ClassLoader cl){     super(dexPath,optimizedDirectory,libraryPath,cl.getParent());     this.mClassLoader=null;     this.mClassLoader=cl;   }   @Override public InputStream getResourceAsStream(  String resName){     return this.mClassLoader.getResourceAsStream(resName);   }   @Override public URL getResource(  String resName){     return this.mClassLoader.getResource(resName);   }   @Override public Enumeration<URL> getResources(  String resName) throws IOException {     return this.mClassLoader.getResources(resName);   } }","Yes, the provided code is malicious. It extends the `DexClassLoader` class and overrides the `getResourceAsStream`, `getResource`, and `getResources` methods to return the resources from a different class loader. This allows the malicious code to access resources from other classes that it should not have access to, potentially leading to a security vulnerability.</s>",
