output,extracted_text,fluency_score
"<s> [INST] <<SYS>>
Assign a score for s3 on a scale of 1 to 5 according to the fluency criteria. Fluency refers to the quality of individual sentences. s3 should have no formatting problems, capitalization errors or obviously ungrammatical sentences (e.g., fragments, missing components) that make s3 difficult to read.
<</SYS>>

[Start s3]
No, this code does not contain instances of the malware objective known as Execution. The code is a decompiled version of a class file, and it does not contain any code that would allow it to execute arbitrary code on the device. The code appears to be a simple class that provides a method for retrieving a class object based on its name, and it does not contain any code that would allow it to execute arbitrary code.</s> 
[End s3]

Output the fluency score for s3 on a scale of 1 to 5.[/INST]  Based on the provided text, the fluency score for s3 is 4 out of 5. The text is well-structured and easy to follow, with a clear and concise sentence structure. There are no obvious errors or formatting issues that would detract from the overall fluency of the text.</s>","Based on the provided text, the fluency score for s3 is 4 out of 5. The text is well-structured and easy to follow, with a clear and concise sentence structure. There are no obvious errors or formatting issues that would detract from the overall fluency of the text.",4.0
"<s> [INST] <<SYS>>
Assign a score for s3 on a scale of 1 to 5 according to the fluency criteria. Fluency refers to the quality of individual sentences. s3 should have no formatting problems, capitalization errors or obviously ungrammatical sentences (e.g., fragments, missing components) that make s3 difficult to read.
<</SYS>>

[Start s3]
No, this code does not contain instances of the malware objective known as Execution. The code appears to be a decompiled version of a Java class, and it does not contain any code that would allow it to execute malicious code on a device.</s> 
[End s3]

Output the fluency score for s3 on a scale of 1 to 5.[/INST]  Based on the provided text, the fluency score for s3 is 4 out of 5. The text is well-structured and easy to follow, with a clear and concise sentence structure. There are no obvious errors or formatting issues that would detract from the overall fluency of the text.</s>","Based on the provided text, the fluency score for s3 is 4 out of 5. The text is well-structured and easy to follow, with a clear and concise sentence structure. There are no obvious errors or formatting issues that would detract from the overall fluency of the text.",4.0
"<s> [INST] <<SYS>>
Assign a score for s3 on a scale of 1 to 5 according to the fluency criteria. Fluency refers to the quality of individual sentences. s3 should have no formatting problems, capitalization errors or obviously ungrammatical sentences (e.g., fragments, missing components) that make s3 difficult to read.
<</SYS>>

[Start s3]
No, this code does not contain instances of the malware objective known as Execution. The code appears to be a Java class that contains various methods for performing various actions, such as starting an activity, sending a broadcast, and setting a preference. However, it does not contain any code that would allow an attacker to execute arbitrary code on a device.</s> 
[End s3]

Output the fluency score for s3 on a scale of 1 to 5.[/INST]  Based on the provided text, the fluency score for s3 is 4 out of 5. The text is well-structured and easy to follow, with a clear and coherent flow of ideas. There are no obvious errors in grammar, spelling, or punctuation, and the language is appropriate for the intended audience. However, there is room for improvement in terms of sentence length and complexity, as some sentences are quite long and may be difficult for some readers to follow. Overall, the text is well-written and easy to understand, but could benefit from some revisions to improve its fluency and readability.</s>","Based on the provided text, the fluency score for s3 is 4 out of 5. The text is well-structured and easy to follow, with a clear and coherent flow of ideas. There are no obvious errors in grammar, spelling, or punctuation, and the language is appropriate for the intended audience. However, there is room for improvement in terms of sentence length and complexity, as some sentences are quite long and may be difficult for some readers to follow. Overall, the text is well-written and easy to understand, but could benefit from some revisions to improve its fluency and readability.",4.0
"<s> [INST] <<SYS>>
Assign a score for s3 on a scale of 1 to 5 according to the fluency criteria. Fluency refers to the quality of individual sentences. s3 should have no formatting problems, capitalization errors or obviously ungrammatical sentences (e.g., fragments, missing components) that make s3 difficult to read.
<</SYS>>

[Start s3]
Yes, this code contains instances of the malware objective known as Execution. The code defines a class named ""d"" that contains methods for executing code, such as the ""a"" method that takes a string argument and executes it as a class name. Additionally, the code defines a static method ""a"" that takes a Context argument and returns an instance of the ""d"" class. This method is used to execute code in the context of the app, which is a common technique used by malware to gain control of the device.</s> 
[End s3]

Output the fluency score for s3 on a scale of 1 to 5.[/INST]  Based on the provided text, the fluency score for s3 is 4 out of 5. The text is well-structured and easy to follow, with a clear beginning, middle, and end. The language is simple and concise, and there are no obvious errors or grammatical issues. However, the text could benefit from a bit more variety in sentence structure and a stronger conclusion to tie everything together.</s>","Based on the provided text, the fluency score for s3 is 4 out of 5. The text is well-structured and easy to follow, with a clear beginning, middle, and end. The language is simple and concise, and there are no obvious errors or grammatical issues. However, the text could benefit from a bit more variety in sentence structure and a stronger conclusion to tie everything together.",4.0
"<s> [INST] <<SYS>>
Assign a score for s3 on a scale of 1 to 5 according to the fluency criteria. Fluency refers to the quality of individual sentences. s3 should have no formatting problems, capitalization errors or obviously ungrammatical sentences (e.g., fragments, missing components) that make s3 difficult to read.
<</SYS>>

[Start s3]
No, this code does not contain instances of the malware objective known as Execution. The code appears to be a legitimate Android application that registers a broadcast receiver to receive notifications from the system. The code does not contain any malicious code or attempts to execute any malicious code.</s> 
[End s3]

Output the fluency score for s3 on a scale of 1 to 5.[/INST]  Based on the provided text, the fluency score for s3 is 4 out of 5. The text is well-structured and easy to follow, with a clear and concise sentence structure. There are no obvious errors or formatting issues that would detract from the overall fluency of the text.</s>","Based on the provided text, the fluency score for s3 is 4 out of 5. The text is well-structured and easy to follow, with a clear and concise sentence structure. There are no obvious errors or formatting issues that would detract from the overall fluency of the text.",4.0
"<s> [INST] <<SYS>>
Assign a score for s3 on a scale of 1 to 5 according to the fluency criteria. Fluency refers to the quality of individual sentences. s3 should have no formatting problems, capitalization errors or obviously ungrammatical sentences (e.g., fragments, missing components) that make s3 difficult to read.
<</SYS>>

[Start s3]
No, this code does not contain instances of the malware objective known as Execution. The code is a Java class that defines a series of methods for creating and invoking objects, but it does not contain any code that would allow for the execution of arbitrary code.</s> 
[End s3]

Output the fluency score for s3 on a scale of 1 to 5.[/INST]  Based on the provided text, the fluency score for s3 is 4 out of 5. The text is well-structured and easy to follow, with a clear and concise writing style. There are no obvious errors or formatting issues that would detract from the overall fluency of the text.</s>","Based on the provided text, the fluency score for s3 is 4 out of 5. The text is well-structured and easy to follow, with a clear and concise writing style. There are no obvious errors or formatting issues that would detract from the overall fluency of the text.",4.0
"<s> [INST] <<SYS>>
Assign a score for s3 on a scale of 1 to 5 according to the fluency criteria. Fluency refers to the quality of individual sentences. s3 should have no formatting problems, capitalization errors or obviously ungrammatical sentences (e.g., fragments, missing components) that make s3 difficult to read.
<</SYS>>

[Start s3]
No, this code does not contain instances of the malware objective known as Execution. The code is a Java class that implements a singleton pattern for a class called ""g"". The class has several methods that are used to perform various tasks, such as loading a class and creating an instance of that class. However, there is no evidence of any malicious code or attempts to execute code.</s> 
[End s3]

Output the fluency score for s3 on a scale of 1 to 5.[/INST]  Based on the provided text, the fluency score for s3 is 4 out of 5. The text is well-structured and easy to follow, with a clear and concise sentence structure. There are no obvious errors or formatting issues that would detract from the overall fluency of the text.</s>","Based on the provided text, the fluency score for s3 is 4 out of 5. The text is well-structured and easy to follow, with a clear and concise sentence structure. There are no obvious errors or formatting issues that would detract from the overall fluency of the text.",4.0
"<s> [INST] <<SYS>>
Assign a score for s3 on a scale of 1 to 5 according to the fluency criteria. Fluency refers to the quality of individual sentences. s3 should have no formatting problems, capitalization errors or obviously ungrammatical sentences (e.g., fragments, missing components) that make s3 difficult to read.
<</SYS>>

[Start s3]
No, this code does not contain instances of the malware objective known as Execution. The code appears to be a Java class that defines a Peew object with various methods for interacting with the Android operating system. The methods do not appear to be designed to execute malicious code, but rather to perform various system-level tasks such as starting activities, accessing the device's storage, and managing the device's power state.</s> 
[End s3]

Output the fluency score for s3 on a scale of 1 to 5.[/INST]  Based on the provided text, the fluency score for s3 is 4 out of 5. The text is well-structured and easy to follow, with a clear and coherent flow of ideas. There are no major errors in grammar, spelling, or punctuation, and the language is appropriate for the intended audience. However, there are a few minor errors in sentence structure and word choice that could be improved upon. Overall, the text is very good, but there is room for improvement in terms of fluency and style.</s>","Based on the provided text, the fluency score for s3 is 4 out of 5. The text is well-structured and easy to follow, with a clear and coherent flow of ideas. There are no major errors in grammar, spelling, or punctuation, and the language is appropriate for the intended audience. However, there are a few minor errors in sentence structure and word choice that could be improved upon. Overall, the text is very good, but there is room for improvement in terms of fluency and style.",4.0
"<s> [INST] <<SYS>>
Assign a score for s3 on a scale of 1 to 5 according to the fluency criteria. Fluency refers to the quality of individual sentences. s3 should have no formatting problems, capitalization errors or obviously ungrammatical sentences (e.g., fragments, missing components) that make s3 difficult to read.
<</SYS>>

[Start s3]
Yes, this code contains instances of the malware objective known as Execution. The code is attempting to execute malicious code by calling the `g.a()` method, which is likely a method used to execute malicious code. Additionally, the code is attempting to bypass security measures by calling the `requestWindowFeature()` method with the value `1`, which is a flag used to request a full-screen window. This is a common technique used by malware to gain control of the device and execute malicious code.</s> 
[End s3]

Output the fluency score for s3 on a scale of 1 to 5.[/INST]  Based on the provided text, the fluency score for s3 is 4 out of 5. The text is well-structured and easy to follow, with a clear topic sentence and supporting details. The language is clear and concise, with no obvious errors or formatting issues. The only issue is that the text is a bit short, which may make it difficult to fully assess the speaker's fluency.</s>","Based on the provided text, the fluency score for s3 is 4 out of 5. The text is well-structured and easy to follow, with a clear topic sentence and supporting details. The language is clear and concise, with no obvious errors or formatting issues. The only issue is that the text is a bit short, which may make it difficult to fully assess the speaker's fluency.",4.0
"<s> [INST] <<SYS>>
Assign a score for s3 on a scale of 1 to 5 according to the fluency criteria. Fluency refers to the quality of individual sentences. s3 should have no formatting problems, capitalization errors or obviously ungrammatical sentences (e.g., fragments, missing components) that make s3 difficult to read.
<</SYS>>

[Start s3]
Yes, this code contains instances of the malware objective known as Execution. The code is attempting to execute a malicious payload by calling the `b.a()` method, which is not a legitimate method in the Android SDK. Additionally, the code is attempting to execute a second malicious payload by calling the `e.a()` method, which is also not a legitimate method in the Android SDK. These methods are likely being used to execute malicious code and are a clear indication of malware activity.</s> 
[End s3]

Output the fluency score for s3 on a scale of 1 to 5.[/INST]  Based on the provided text, the fluency score for s3 is 3.</s>","Based on the provided text, the fluency score for s3 is 3.",
"<s> [INST] <<SYS>>
Assign a score for s3 on a scale of 1 to 5 according to the fluency criteria. Fluency refers to the quality of individual sentences. s3 should have no formatting problems, capitalization errors or obviously ungrammatical sentences (e.g., fragments, missing components) that make s3 difficult to read.
<</SYS>>

[Start s3]
No, this code does not contain instances of the malware objective known as Execution. The code is a Java class that extends the Android Service class and overrides the onCreate() and onDestroy() methods. It does not contain any code that would execute malicious commands or actions.</s> 
[End s3]

Output the fluency score for s3 on a scale of 1 to 5.[/INST]  Based on the provided text, the fluency score for s3 is 4 out of 5. The text is well-structured and easy to follow, with a clear and concise sentence structure. There are no obvious errors or formatting issues that would detract from the overall fluency of the text.</s>","Based on the provided text, the fluency score for s3 is 4 out of 5. The text is well-structured and easy to follow, with a clear and concise sentence structure. There are no obvious errors or formatting issues that would detract from the overall fluency of the text.",4.0
"<s> [INST] <<SYS>>
Assign a score for s3 on a scale of 1 to 5 according to the fluency criteria. Fluency refers to the quality of individual sentences. s3 should have no formatting problems, capitalization errors or obviously ungrammatical sentences (e.g., fragments, missing components) that make s3 difficult to read.
<</SYS>>

[Start s3]
No, this code does not contain instances of the malware objective known as Execution. The code is a Java class that contains a series of methods for performing various tasks, including logging and checking the current time. There is no evidence of malicious behavior or attempts to execute code.</s> 
[End s3]

Output the fluency score for s3 on a scale of 1 to 5.[/INST]  Based on the provided text, the fluency score for s3 is 4 out of 5. The text is clear and easy to understand, with no formatting problems or obvious ungrammatical sentences. The only issue is that the text is a bit long and could benefit from some editing to make it more concise.</s>","Based on the provided text, the fluency score for s3 is 4 out of 5. The text is clear and easy to understand, with no formatting problems or obvious ungrammatical sentences. The only issue is that the text is a bit long and could benefit from some editing to make it more concise.",4.0
"<s> [INST] <<SYS>>
Assign a score for s3 on a scale of 1 to 5 according to the fluency criteria. Fluency refers to the quality of individual sentences. s3 should have no formatting problems, capitalization errors or obviously ungrammatical sentences (e.g., fragments, missing components) that make s3 difficult to read.
<</SYS>>

[Start s3]
No, this code does not contain instances of the malware objective known as Execution. The code appears to be a legitimate Java class that implements a singleton pattern for a class called Aiqi. The class has several methods that perform various actions, such as getting an instance of the class, setting a boolean value, and performing various other actions. However, there is no evidence of any malicious code or attempts to execute malicious code.</s> 
[End s3]

Output the fluency score for s3 on a scale of 1 to 5.[/INST]  Based on the provided text, the fluency score for s3 is 4 out of 5. The text is well-structured and easy to follow, with a clear and coherent flow of ideas. There are no major errors in grammar, spelling, or punctuation, and the language is appropriate for the intended audience. However, there is room for improvement in terms of sentence length and complexity, as some sentences could be shorter and more concise. Overall, the text is well-written and easy to understand.</s>","Based on the provided text, the fluency score for s3 is 4 out of 5. The text is well-structured and easy to follow, with a clear and coherent flow of ideas. There are no major errors in grammar, spelling, or punctuation, and the language is appropriate for the intended audience. However, there is room for improvement in terms of sentence length and complexity, as some sentences could be shorter and more concise. Overall, the text is well-written and easy to understand.",4.0
"<s> [INST] <<SYS>>
Assign a score for s3 on a scale of 1 to 5 according to the fluency criteria. Fluency refers to the quality of individual sentences. s3 should have no formatting problems, capitalization errors or obviously ungrammatical sentences (e.g., fragments, missing components) that make s3 difficult to read.
<</SYS>>

[Start s3]
No, this code does not contain instances of the malware objective known as Execution. The code is a Java class that extends the Android Activity class and overrides the onKeyDown and onPause methods. It does not contain any code that would execute malicious code or perform any actions that would be harmful to the device or the user.</s> 
[End s3]

Output the fluency score for s3 on a scale of 1 to 5.[/INST]  Based on the provided text, the fluency score for s3 is 4 out of 5. The text is well-structured and easy to follow, with a clear and concise sentence structure. There are no obvious errors or formatting issues that would detract from the overall fluency of the text.</s>","Based on the provided text, the fluency score for s3 is 4 out of 5. The text is well-structured and easy to follow, with a clear and concise sentence structure. There are no obvious errors or formatting issues that would detract from the overall fluency of the text.",4.0
"<s> [INST] <<SYS>>
Assign a score for s3 on a scale of 1 to 5 according to the fluency criteria. Fluency refers to the quality of individual sentences. s3 should have no formatting problems, capitalization errors or obviously ungrammatical sentences (e.g., fragments, missing components) that make s3 difficult to read.
<</SYS>>

[Start s3]
No, this code does not contain instances of the malware objective known as Execution. The code is a simple Java class that extends the BroadcastReceiver class and overrides the onReceive method to call the c.a method with the context and intent parameters. It does not contain any code that would allow it to execute malicious code or perform any actions that could be considered harmful.</s> 
[End s3]

Output the fluency score for s3 on a scale of 1 to 5.[/INST]  Based on the provided text, the fluency score for s3 is 4 out of 5. The sentence is well-structured and easy to understand, with a clear subject-verb-object word order and a natural flow of words. There are no obvious errors or awkward phrasing, and the sentence is free of grammatical or syntactical issues.</s>","Based on the provided text, the fluency score for s3 is 4 out of 5. The sentence is well-structured and easy to understand, with a clear subject-verb-object word order and a natural flow of words. There are no obvious errors or awkward phrasing, and the sentence is free of grammatical or syntactical issues.",4.0
"<s> [INST] <<SYS>>
Assign a score for s3 on a scale of 1 to 5 according to the fluency criteria. Fluency refers to the quality of individual sentences. s3 should have no formatting problems, capitalization errors or obviously ungrammatical sentences (e.g., fragments, missing components) that make s3 difficult to read.
<</SYS>>

[Start s3]
No, this code does not contain instances of the malware objective known as Execution. The code you provided is a Java class that extends the Android Service class and overrides the onBind and onCreate methods. It does not contain any code that would execute malicious commands or actions.</s> 
[End s3]

Output the fluency score for s3 on a scale of 1 to 5.[/INST]  Based on the provided text, the fluency score for s3 is 4 out of 5. The text is well-structured and easy to follow, with a clear and concise sentence structure. There are no obvious errors or formatting issues that would detract from the overall fluency of the text.</s>","Based on the provided text, the fluency score for s3 is 4 out of 5. The text is well-structured and easy to follow, with a clear and concise sentence structure. There are no obvious errors or formatting issues that would detract from the overall fluency of the text.",4.0
"<s> [INST] <<SYS>>
Assign a score for s3 on a scale of 1 to 5 according to the fluency criteria. Fluency refers to the quality of individual sentences. s3 should have no formatting problems, capitalization errors or obviously ungrammatical sentences (e.g., fragments, missing components) that make s3 difficult to read.
<</SYS>>

[Start s3]
Yes, this code contains instances of the malware objective known as Execution. The code is attempting to execute a command by calling the `Runtime.getRuntime().exec()` method, which is a common technique used by malware to execute commands on the system. The code is also using the `SimpleDateFormat` class to parse a date string, which is another common technique used by malware to execute commands on the system.</s> 
[End s3]

Output the fluency score for s3 on a scale of 1 to 5.[/INST]  Based on the provided text, the fluency score for s3 is 4 out of 5. The text is well-structured and easy to follow, with a clear and concise sentence structure. There are no obvious errors or grammatical issues, and the language is appropriate for the intended audience. However, there is room for improvement in terms of sentence length and the use of transitions to connect ideas.</s>","Based on the provided text, the fluency score for s3 is 4 out of 5. The text is well-structured and easy to follow, with a clear and concise sentence structure. There are no obvious errors or grammatical issues, and the language is appropriate for the intended audience. However, there is room for improvement in terms of sentence length and the use of transitions to connect ideas.",4.0
"<s> [INST] <<SYS>>
Assign a score for s3 on a scale of 1 to 5 according to the fluency criteria. Fluency refers to the quality of individual sentences. s3 should have no formatting problems, capitalization errors or obviously ungrammatical sentences (e.g., fragments, missing components) that make s3 difficult to read.
<</SYS>>

[Start s3]
Yes, this code contains instances of the malware objective known as Execution. The code is attempting to execute a malicious payload by reading a file from the assets directory and then executing it. The payload is being executed using the `Runtime.getRuntime().exec()` method, which allows the execution of arbitrary commands on the device. This is a common technique used by malware to gain control of a device and perform malicious actions.</s> 
[End s3]

Output the fluency score for s3 on a scale of 1 to 5.[/INST]  Based on the provided text, the fluency score for s3 is 4 out of 5. The text is well-structured and easy to follow, with a clear topic sentence and supporting details. The language is simple and concise, with no formatting errors or obvious grammatical mistakes. The only issue is that the text could benefit from a stronger conclusion or final thought to tie the ideas together more effectively.</s>","Based on the provided text, the fluency score for s3 is 4 out of 5. The text is well-structured and easy to follow, with a clear topic sentence and supporting details. The language is simple and concise, with no formatting errors or obvious grammatical mistakes. The only issue is that the text could benefit from a stronger conclusion or final thought to tie the ideas together more effectively.",4.0
"<s> [INST] <<SYS>>
Assign a score for s3 on a scale of 1 to 5 according to the fluency criteria. Fluency refers to the quality of individual sentences. s3 should have no formatting problems, capitalization errors or obviously ungrammatical sentences (e.g., fragments, missing components) that make s3 difficult to read.
<</SYS>>

[Start s3]
No, this code does not contain instances of the malware objective known as Execution. The code appears to be a decompiled version of a class file, and it does not contain any code that would allow an attacker to execute arbitrary code on a victim's device.</s> 
[End s3]

Output the fluency score for s3 on a scale of 1 to 5.[/INST]  Based on the provided text, the fluency score for s3 is 4 out of 5. The text is well-structured and easy to follow, with a clear and coherent flow of ideas. There are no obvious errors or formatting issues that would detract from the overall fluency of the text.</s>","Based on the provided text, the fluency score for s3 is 4 out of 5. The text is well-structured and easy to follow, with a clear and coherent flow of ideas. There are no obvious errors or formatting issues that would detract from the overall fluency of the text.",4.0
"<s> [INST] <<SYS>>
Assign a score for s3 on a scale of 1 to 5 according to the fluency criteria. Fluency refers to the quality of individual sentences. s3 should have no formatting problems, capitalization errors or obviously ungrammatical sentences (e.g., fragments, missing components) that make s3 difficult to read.
<</SYS>>

[Start s3]
Yes, this code contains instances of the malware objective known as Execution. The code registers a receiver to receive broadcast intents, which is a common technique used by malware to execute malicious code. The receiver is registered with an IntentFilter that includes actions, data schemes, and categories, which are all used to trigger the execution of malicious code. Additionally, the code uses a try-catch block to catch any exceptions that may occur during the registration process, which is a common technique used by malware to hide its malicious activities.</s> 
[End s3]

Output the fluency score for s3 on a scale of 1 to 5.[/INST]  Based on the provided text, the fluency score for s3 is 4 out of 5. The text is well-structured and easy to follow, with a clear and concise sentence structure. There are no obvious errors or formatting issues that would detract from the overall fluency of the text.</s>","Based on the provided text, the fluency score for s3 is 4 out of 5. The text is well-structured and easy to follow, with a clear and concise sentence structure. There are no obvious errors or formatting issues that would detract from the overall fluency of the text.",4.0
"<s> [INST] <<SYS>>
Assign a score for s3 on a scale of 1 to 5 according to the fluency criteria. Fluency refers to the quality of individual sentences. s3 should have no formatting problems, capitalization errors or obviously ungrammatical sentences (e.g., fragments, missing components) that make s3 difficult to read.
<</SYS>>

[Start s3]
No, this code does not contain instances of the malware objective known as Execution. The code defines a BroadcastReceiver class that overrides the onReceive method to call the a method with a Context and Intent object as parameters. However, this code does not contain any code that would execute malicious commands or actions.</s> 
[End s3]

Output the fluency score for s3 on a scale of 1 to 5.[/INST]  Based on the provided text, the fluency score for s3 is 4 out of 5. The text is well-structured and easy to follow, with a clear and concise writing style. There are no obvious errors or formatting issues that would detract from the overall fluency of the text.</s>","Based on the provided text, the fluency score for s3 is 4 out of 5. The text is well-structured and easy to follow, with a clear and concise writing style. There are no obvious errors or formatting issues that would detract from the overall fluency of the text.",4.0
"<s> [INST] <<SYS>>
Assign a score for s3 on a scale of 1 to 5 according to the fluency criteria. Fluency refers to the quality of individual sentences. s3 should have no formatting problems, capitalization errors or obviously ungrammatical sentences (e.g., fragments, missing components) that make s3 difficult to read.
<</SYS>>

[Start s3]
Yes, this code contains instances of the malware objective known as Execution. The code defines a class named ""a"" that contains methods for executing arbitrary code, such as the ""a"" method that takes a string argument and returns an object of the type specified by the string. Additionally, the code defines a method named ""b"" that takes a string argument and returns an object of the type specified by the string, which could potentially be used to execute arbitrary code.</s> 
[End s3]

Output the fluency score for s3 on a scale of 1 to 5.[/INST]  Based on the provided text, the fluency score for s3 is 4 out of 5. The text is well-structured and easy to follow, with a clear topic sentence and supporting details. The language is clear and concise, with no formatting errors or obvious grammatical mistakes. The only issue is that the text could benefit from a stronger conclusion or final thought to tie the ideas together more effectively.</s>","Based on the provided text, the fluency score for s3 is 4 out of 5. The text is well-structured and easy to follow, with a clear topic sentence and supporting details. The language is clear and concise, with no formatting errors or obvious grammatical mistakes. The only issue is that the text could benefit from a stronger conclusion or final thought to tie the ideas together more effectively.",4.0
"<s> [INST] <<SYS>>
Assign a score for s3 on a scale of 1 to 5 according to the fluency criteria. Fluency refers to the quality of individual sentences. s3 should have no formatting problems, capitalization errors or obviously ungrammatical sentences (e.g., fragments, missing components) that make s3 difficult to read.
<</SYS>>

[Start s3]
Yes, this code contains instances of the malware objective known as Execution. The code defines a class named ""b"" that contains methods for executing arbitrary code, such as the ""a"" method that takes a string argument and executes it as a class name. Additionally, the code defines a method named ""a"" that takes a Context argument and executes it as a class name. This code is likely used for malicious purposes, such as executing malicious code or stealing sensitive data.</s> 
[End s3]

Output the fluency score for s3 on a scale of 1 to 5.[/INST]  Based on the provided text, the fluency score for s3 is 4 out of 5. The text is well-structured and easy to follow, with a clear and concise writing style. There are no obvious errors or formatting issues that would detract from the overall fluency of the text.</s>","Based on the provided text, the fluency score for s3 is 4 out of 5. The text is well-structured and easy to follow, with a clear and concise writing style. There are no obvious errors or formatting issues that would detract from the overall fluency of the text.",4.0
"<s> [INST] <<SYS>>
Assign a score for s3 on a scale of 1 to 5 according to the fluency criteria. Fluency refers to the quality of individual sentences. s3 should have no formatting problems, capitalization errors or obviously ungrammatical sentences (e.g., fragments, missing components) that make s3 difficult to read.
<</SYS>>

[Start s3]
No, this code does not contain instances of the malware objective known as Execution. The code is a Java class that contains a series of methods for creating and invoking instances of a class, but it does not contain any code that would allow for the execution of arbitrary code.</s> 
[End s3]

Output the fluency score for s3 on a scale of 1 to 5.[/INST]  Based on the provided text, the fluency score for s3 is 4 out of 5. The text is clear and easy to understand, with no formatting problems or obvious ungrammatical sentences. The only issue is that the text is a bit long, which may make it difficult for some readers to fully comprehend the information presented.</s>","Based on the provided text, the fluency score for s3 is 4 out of 5. The text is clear and easy to understand, with no formatting problems or obvious ungrammatical sentences. The only issue is that the text is a bit long, which may make it difficult for some readers to fully comprehend the information presented.",4.0
"<s> [INST] <<SYS>>
Assign a score for s3 on a scale of 1 to 5 according to the fluency criteria. Fluency refers to the quality of individual sentences. s3 should have no formatting problems, capitalization errors or obviously ungrammatical sentences (e.g., fragments, missing components) that make s3 difficult to read.
<</SYS>>

[Start s3]
No, this code does not contain instances of the malware objective known as Execution. The code you provided is a Java class that defines a static final attribute named ""attr"". It does not contain any code that would allow it to execute malicious code or perform any malicious actions.</s> 
[End s3]

Output the fluency score for s3 on a scale of 1 to 5.[/INST]  Based on the provided text, the fluency score for s3 is 4 out of 5. The text is well-structured and easy to follow, with a clear and concise sentence structure. There are no obvious errors or formatting issues that would detract from the overall fluency of the text.</s>","Based on the provided text, the fluency score for s3 is 4 out of 5. The text is well-structured and easy to follow, with a clear and concise sentence structure. There are no obvious errors or formatting issues that would detract from the overall fluency of the text.",4.0
"<s> [INST] <<SYS>>
Assign a score for s3 on a scale of 1 to 5 according to the fluency criteria. Fluency refers to the quality of individual sentences. s3 should have no formatting problems, capitalization errors or obviously ungrammatical sentences (e.g., fragments, missing components) that make s3 difficult to read.
<</SYS>>

[Start s3]
No, this code does not contain instances of the malware objective known as Execution. The code you provided is a Java class that defines a constant for the value of the DEBUG flag, which is used to enable or disable debug logging in the application. It does not contain any code that would allow an attacker to execute malicious code on the device.</s> 
[End s3]

Output the fluency score for s3 on a scale of 1 to 5.[/INST]  Based on the provided text, the fluency score for s3 is 4 out of 5. The text is well-structured and easy to follow, with a clear and concise sentence structure. There are no obvious errors or formatting issues that would detract from the overall fluency of the text.</s>","Based on the provided text, the fluency score for s3 is 4 out of 5. The text is well-structured and easy to follow, with a clear and concise sentence structure. There are no obvious errors or formatting issues that would detract from the overall fluency of the text.",4.0
"<s> [INST] <<SYS>>
Assign a score for s3 on a scale of 1 to 5 according to the fluency criteria. Fluency refers to the quality of individual sentences. s3 should have no formatting problems, capitalization errors or obviously ungrammatical sentences (e.g., fragments, missing components) that make s3 difficult to read.
<</SYS>>

[Start s3]
No, this code does not contain instances of the malware objective known as Execution. The code is a Java class that extends the Android Activity class and overrides the onCreate() method. It appears to be a legitimate Android application that is designed to launch the UmAct activity when the user clicks on the application's launcher icon. The code does not contain any malicious code that would allow an attacker to execute arbitrary code on the device.</s> 
[End s3]

Output the fluency score for s3 on a scale of 1 to 5.[/INST]  Based on the provided text, the fluency score for s3 is 4 out of 5. The text is well-structured and easy to follow, with a clear and concise sentence structure. There are no obvious errors or grammatical issues, and the language is appropriate for the intended audience. However, there is room for improvement in terms of flow and cohesion, as the sentences could be more closely connected to create a more seamless reading experience.</s>","Based on the provided text, the fluency score for s3 is 4 out of 5. The text is well-structured and easy to follow, with a clear and concise sentence structure. There are no obvious errors or grammatical issues, and the language is appropriate for the intended audience. However, there is room for improvement in terms of flow and cohesion, as the sentences could be more closely connected to create a more seamless reading experience.",4.0
"<s> [INST] <<SYS>>
Assign a score for s3 on a scale of 1 to 5 according to the fluency criteria. Fluency refers to the quality of individual sentences. s3 should have no formatting problems, capitalization errors or obviously ungrammatical sentences (e.g., fragments, missing components) that make s3 difficult to read.
<</SYS>>

[Start s3]
No, this code does not contain instances of the malware objective known as Execution. The code is a Java class that defines constants for dimensions used in an Android application. It does not contain any code that could be used to execute malicious code or perform any malicious actions.</s> 
[End s3]

Output the fluency score for s3 on a scale of 1 to 5.[/INST]  Based on the provided text, the fluency score for s3 is 4 out of 5. The text is well-structured and easy to follow, with a clear and concise sentence structure. There are no obvious errors or formatting issues that would detract from the overall fluency of the text.</s>","Based on the provided text, the fluency score for s3 is 4 out of 5. The text is well-structured and easy to follow, with a clear and concise sentence structure. There are no obvious errors or formatting issues that would detract from the overall fluency of the text.",4.0
"<s> [INST] <<SYS>>
Assign a score for s3 on a scale of 1 to 5 according to the fluency criteria. Fluency refers to the quality of individual sentences. s3 should have no formatting problems, capitalization errors or obviously ungrammatical sentences (e.g., fragments, missing components) that make s3 difficult to read.
<</SYS>>

[Start s3]
No, this code does not contain instances of the malware objective known as Execution. The code you provided is a Java class that defines a static final class called ""drawable"" and a static final integer variable called ""ic_launcher"" with the value 0x7f020000. It does not contain any code that could be used to execute malicious code or perform any malicious actions.</s> 
[End s3]

Output the fluency score for s3 on a scale of 1 to 5.[/INST]  Based on the provided text, the fluency score for s3 is 4 out of 5. The text is clear and easy to understand, with no formatting problems or obvious grammatical errors. The use of transitions and cohesive devices such as parallel structure and repetition also contribute to the text's fluency.</s>","Based on the provided text, the fluency score for s3 is 4 out of 5. The text is clear and easy to understand, with no formatting problems or obvious grammatical errors. The use of transitions and cohesive devices such as parallel structure and repetition also contribute to the text's fluency.",4.0
"<s> [INST] <<SYS>>
Assign a score for s3 on a scale of 1 to 5 according to the fluency criteria. Fluency refers to the quality of individual sentences. s3 should have no formatting problems, capitalization errors or obviously ungrammatical sentences (e.g., fragments, missing components) that make s3 difficult to read.
<</SYS>>

[Start s3]
No, this code does not contain instances of the malware objective known as Execution. The code you provided is a Java class that defines constants for resource IDs used in an Android application. It does not contain any code that could be used to execute malicious code or perform any malicious actions.</s> 
[End s3]

Output the fluency score for s3 on a scale of 1 to 5.[/INST]  Based on the provided text, the fluency score for s3 is 4 out of 5. The text is well-structured and easy to follow, with a clear and concise sentence structure. There are no obvious errors or formatting issues that would detract from the overall fluency of the text.</s>","Based on the provided text, the fluency score for s3 is 4 out of 5. The text is well-structured and easy to follow, with a clear and concise sentence structure. There are no obvious errors or formatting issues that would detract from the overall fluency of the text.",4.0
"<s> [INST] <<SYS>>
Assign a score for s3 on a scale of 1 to 5 according to the fluency criteria. Fluency refers to the quality of individual sentences. s3 should have no formatting problems, capitalization errors or obviously ungrammatical sentences (e.g., fragments, missing components) that make s3 difficult to read.
<</SYS>>

[Start s3]
No, this code does not contain instances of the malware objective known as Execution. The code you provided is a Java class that defines a layout for an Android application, and it does not contain any malicious code that would allow an attacker to execute arbitrary code on the device.</s> 
[End s3]

Output the fluency score for s3 on a scale of 1 to 5.[/INST]  Based on the provided text, the fluency score for s3 is 4 out of 5. The text is well-structured and easy to follow, with a clear and concise writing style. There are no obvious errors or formatting issues that would detract from the overall fluency of the text.</s>","Based on the provided text, the fluency score for s3 is 4 out of 5. The text is well-structured and easy to follow, with a clear and concise writing style. There are no obvious errors or formatting issues that would detract from the overall fluency of the text.",4.0
"<s> [INST] <<SYS>>
Assign a score for s3 on a scale of 1 to 5 according to the fluency criteria. Fluency refers to the quality of individual sentences. s3 should have no formatting problems, capitalization errors or obviously ungrammatical sentences (e.g., fragments, missing components) that make s3 difficult to read.
<</SYS>>

[Start s3]
No, this code does not contain instances of the malware objective known as Execution. The code is a Java class file that contains a series of constants and methods that are used to define the layout and behavior of an Android application. It does not contain any code that would allow an attacker to execute malicious commands or access sensitive data on the device.</s> 
[End s3]

Output the fluency score for s3 on a scale of 1 to 5.[/INST]  Based on the provided text, the fluency score for s3 is 4 out of 5. The text is clear and easy to understand, with no formatting issues or obvious grammatical errors. However, there is a small mistake in the sentence ""The code is a Java class file that contains a series of constants and methods that are used to define the layout and behavior of an Android application."" The word ""Java"" should be capitalized.</s>","Based on the provided text, the fluency score for s3 is 4 out of 5. The text is clear and easy to understand, with no formatting issues or obvious grammatical errors. However, there is a small mistake in the sentence ""The code is a Java class file that contains a series of constants and methods that are used to define the layout and behavior of an Android application."" The word ""Java"" should be capitalized.",4.0
"<s> [INST] <<SYS>>
Assign a score for s3 on a scale of 1 to 5 according to the fluency criteria. Fluency refers to the quality of individual sentences. s3 should have no formatting problems, capitalization errors or obviously ungrammatical sentences (e.g., fragments, missing components) that make s3 difficult to read.
<</SYS>>

[Start s3]
No, this code does not contain instances of the malware objective known as Execution. The code is a Java class that defines constants for string resources, but it does not contain any code that could be used to execute malicious commands or actions.</s> 
[End s3]

Output the fluency score for s3 on a scale of 1 to 5.[/INST]  Based on the provided text, the fluency score for s3 is 4 out of 5. The text is well-structured and easy to follow, with a clear and concise sentence structure. There are no obvious errors or formatting issues that would detract from the overall fluency of the text.</s>","Based on the provided text, the fluency score for s3 is 4 out of 5. The text is well-structured and easy to follow, with a clear and concise sentence structure. There are no obvious errors or formatting issues that would detract from the overall fluency of the text.",4.0
"<s> [INST] <<SYS>>
Assign a score for s3 on a scale of 1 to 5 according to the fluency criteria. Fluency refers to the quality of individual sentences. s3 should have no formatting problems, capitalization errors or obviously ungrammatical sentences (e.g., fragments, missing components) that make s3 difficult to read.
<</SYS>>

[Start s3]
No, this code does not contain instances of the malware objective known as Execution. The code you provided is a Java class that defines constants for the application's base theme and theme. It does not contain any code that could be used to execute malicious code or perform any malicious actions.</s> 
[End s3]

Output the fluency score for s3 on a scale of 1 to 5.[/INST]  Based on the provided text, the fluency score for s3 is 4 out of 5. The text is well-structured and easy to follow, with a clear and coherent flow of ideas. There are no obvious errors in grammar, spelling, or punctuation, and the language is appropriate for the intended audience. However, there is room for improvement in terms of sentence length and complexity, as some sentences could be shorter and more concise. Overall, the text is well-written and easy to understand.</s>","Based on the provided text, the fluency score for s3 is 4 out of 5. The text is well-structured and easy to follow, with a clear and coherent flow of ideas. There are no obvious errors in grammar, spelling, or punctuation, and the language is appropriate for the intended audience. However, there is room for improvement in terms of sentence length and complexity, as some sentences could be shorter and more concise. Overall, the text is well-written and easy to understand.",4.0
"<s> [INST] <<SYS>>
Assign a score for s3 on a scale of 1 to 5 according to the fluency criteria. Fluency refers to the quality of individual sentences. s3 should have no formatting problems, capitalization errors or obviously ungrammatical sentences (e.g., fragments, missing components) that make s3 difficult to read.
<</SYS>>

[Start s3]
No, this code does not contain instances of the malware objective known as Execution. The code is a Java class that extends the Android Activity class and overrides the onCreate, onPause, onResume, and onStart methods. It also uses the MobclickAgent class to track app usage. There is no evidence of any malicious code or attempts to execute malware.</s> 
[End s3]

Output the fluency score for s3 on a scale of 1 to 5.[/INST]  Based on the provided text, the fluency score for s3 is 4 out of 5. The text is well-structured and easy to follow, with a clear and concise sentence structure. There are no obvious errors or grammatical issues, and the language is appropriate for the intended audience. However, there is room for improvement in terms of sentence length and the use of transitional phrases to connect ideas.</s>","Based on the provided text, the fluency score for s3 is 4 out of 5. The text is well-structured and easy to follow, with a clear and concise sentence structure. There are no obvious errors or grammatical issues, and the language is appropriate for the intended audience. However, there is room for improvement in terms of sentence length and the use of transitional phrases to connect ideas.",4.0
"<s> [INST] <<SYS>>
Assign a score for s3 on a scale of 1 to 5 according to the fluency criteria. Fluency refers to the quality of individual sentences. s3 should have no formatting problems, capitalization errors or obviously ungrammatical sentences (e.g., fragments, missing components) that make s3 difficult to read.
<</SYS>>

[Start s3]
No, this code does not contain instances of the malware objective known as Execution. The code is a Java class that extends the GLSurfaceView class and defines a custom renderer. It does not contain any code that would allow for the execution of malicious code.</s> 
[End s3]

Output the fluency score for s3 on a scale of 1 to 5.[/INST]  Based on the provided text, the fluency score for s3 is 4 out of 5. The text is well-structured and easy to follow, with a clear and concise writing style. There are no obvious errors or formatting issues that would detract from the overall fluency of the text.</s>","Based on the provided text, the fluency score for s3 is 4 out of 5. The text is well-structured and easy to follow, with a clear and concise writing style. There are no obvious errors or formatting issues that would detract from the overall fluency of the text.",4.0
"<s> [INST] <<SYS>>
Assign a score for s3 on a scale of 1 to 5 according to the fluency criteria. Fluency refers to the quality of individual sentences. s3 should have no formatting problems, capitalization errors or obviously ungrammatical sentences (e.g., fragments, missing components) that make s3 difficult to read.
<</SYS>>

[Start s3]
Yes, this code contains instances of the malware objective known as ""Execution"". The code is using the `GL1Lib.nativeRender()` method to execute malicious code on the device. This method is used to render the game's graphics and is likely being used to execute the malware.</s> 
[End s3]

Output the fluency score for s3 on a scale of 1 to 5.[/INST]  Based on the provided text, the fluency score for s3 is 4 out of 5. The text is clear and easy to understand, with no formatting problems or obvious grammatical errors. However, there is a small error in the sentence ""The code is using the GL1Lib.nativeRender() method to execute malicious code on the device."" which should be ""The code is using the GL1Lib.nativeRender() method to execute malicious code on the device."" to make it grammatically correct.</s>","Based on the provided text, the fluency score for s3 is 4 out of 5. The text is clear and easy to understand, with no formatting problems or obvious grammatical errors. However, there is a small error in the sentence ""The code is using the GL1Lib.nativeRender() method to execute malicious code on the device."" which should be ""The code is using the GL1Lib.nativeRender() method to execute malicious code on the device."" to make it grammatically correct.",4.0
"<s> [INST] <<SYS>>
Assign a score for s3 on a scale of 1 to 5 according to the fluency criteria. Fluency refers to the quality of individual sentences. s3 should have no formatting problems, capitalization errors or obviously ungrammatical sentences (e.g., fragments, missing components) that make s3 difficult to read.
<</SYS>>

[Start s3]
No, this code does not contain instances of the malware objective known as Execution. The code appears to be a Java code snippet that defines a type declaration using the Eclipse JDT API. It does not contain any malicious code or instructions that would allow an attacker to execute malicious code.</s> 
[End s3]

Output the fluency score for s3 on a scale of 1 to 5.[/INST]  Based on the provided text, the fluency score for s3 is 4 out of 5. The text is clear and easy to understand, with no formatting problems or obvious grammatical errors. The sentence structure is also well-organized and flows smoothly.</s>","Based on the provided text, the fluency score for s3 is 4 out of 5. The text is clear and easy to understand, with no formatting problems or obvious grammatical errors. The sentence structure is also well-organized and flows smoothly.",4.0
"<s> [INST] <<SYS>>
Assign a score for s3 on a scale of 1 to 5 according to the fluency criteria. Fluency refers to the quality of individual sentences. s3 should have no formatting problems, capitalization errors or obviously ungrammatical sentences (e.g., fragments, missing components) that make s3 difficult to read.
<</SYS>>

[Start s3]
No, this code does not contain instances of the malware objective known as Execution. The code appears to be a Java class that implements a thread that runs a loop to check a flag and then starts an activity. There is no evidence of any malicious code or attempts to execute malicious code.</s> 
[End s3]

Output the fluency score for s3 on a scale of 1 to 5.[/INST]  Based on the provided text, the fluency score for s3 is 4 out of 5. The sentence is well-structured and easy to understand, with a clear subject-verb-object word order and a natural flow of words. There are no obvious errors or awkward phrasing, and the sentence is free of unnecessary words or phrases.</s>","Based on the provided text, the fluency score for s3 is 4 out of 5. The sentence is well-structured and easy to understand, with a clear subject-verb-object word order and a natural flow of words. There are no obvious errors or awkward phrasing, and the sentence is free of unnecessary words or phrases.",4.0
"<s> [INST] <<SYS>>
Assign a score for s3 on a scale of 1 to 5 according to the fluency criteria. Fluency refers to the quality of individual sentences. s3 should have no formatting problems, capitalization errors or obviously ungrammatical sentences (e.g., fragments, missing components) that make s3 difficult to read.
<</SYS>>

[Start s3]
No, this code does not contain instances of the malware objective known as Execution. The code is a Java class that extends the Thread class and overrides the run method to write a flag to a file. It does not contain any code that would allow it to execute arbitrary code or access the file system.</s> 
[End s3]

Output the fluency score for s3 on a scale of 1 to 5.[/INST]  Based on the provided text, the fluency score for s3 is 4 out of 5. The text is well-structured and easy to follow, with a clear and coherent flow of ideas. There are no obvious errors in grammar, spelling, or punctuation, and the language is appropriate for the intended audience. However, there is room for improvement in terms of sentence length and complexity, as some sentences could be shorter and more concise. Overall, the text is well-written and easy to understand.</s>","Based on the provided text, the fluency score for s3 is 4 out of 5. The text is well-structured and easy to follow, with a clear and coherent flow of ideas. There are no obvious errors in grammar, spelling, or punctuation, and the language is appropriate for the intended audience. However, there is room for improvement in terms of sentence length and complexity, as some sentences could be shorter and more concise. Overall, the text is well-written and easy to understand.",4.0
"<s> [INST] <<SYS>>
Assign a score for s3 on a scale of 1 to 5 according to the fluency criteria. Fluency refers to the quality of individual sentences. s3 should have no formatting problems, capitalization errors or obviously ungrammatical sentences (e.g., fragments, missing components) that make s3 difficult to read.
<</SYS>>

[Start s3]
No, this code does not contain instances of the malware objective known as Execution. The code is a Java class that defines a simple data structure for storing information about a game player, including their name, ranking, and score. It does not contain any malicious code or functionality that could be used to execute malware.</s> 
[End s3]

Output the fluency score for s3 on a scale of 1 to 5.[/INST]  Based on the provided text, the fluency score for s3 is 4 out of 5. The text is well-structured and easy to follow, with a clear and concise sentence structure. There are no obvious errors or formatting issues that would detract from the overall fluency of the text.</s>","Based on the provided text, the fluency score for s3 is 4 out of 5. The text is well-structured and easy to follow, with a clear and concise sentence structure. There are no obvious errors or formatting issues that would detract from the overall fluency of the text.",4.0
"<s> [INST] <<SYS>>
Assign a score for s3 on a scale of 1 to 5 according to the fluency criteria. Fluency refers to the quality of individual sentences. s3 should have no formatting problems, capitalization errors or obviously ungrammatical sentences (e.g., fragments, missing components) that make s3 difficult to read.
<</SYS>>

[Start s3]
No, this code does not contain instances of the malware objective known as Execution. The code is a Java class that defines a set of methods for interacting with a game engine, but it does not contain any malicious code or logic that would be used to execute malware.</s> 
[End s3]

Output the fluency score for s3 on a scale of 1 to 5.[/INST]  Based on the provided text, the fluency score for s3 is 4 out of 5. The text is well-structured and easy to follow, with a clear and concise sentence structure. There are no obvious errors or formatting issues that would detract from the overall fluency of the text.</s>","Based on the provided text, the fluency score for s3 is 4 out of 5. The text is well-structured and easy to follow, with a clear and concise sentence structure. There are no obvious errors or formatting issues that would detract from the overall fluency of the text.",4.0
"<s> [INST] <<SYS>>
Assign a score for s3 on a scale of 1 to 5 according to the fluency criteria. Fluency refers to the quality of individual sentences. s3 should have no formatting problems, capitalization errors or obviously ungrammatical sentences (e.g., fragments, missing components) that make s3 difficult to read.
<</SYS>>

[Start s3]
No, this code does not contain instances of the malware objective known as Execution. The code is a Java class that contains methods for writing and reading data to and from a SharedPreferences file. It does not contain any code that would allow an attacker to execute malicious code on a device.</s> 
[End s3]

Output the fluency score for s3 on a scale of 1 to 5.[/INST]  Based on the provided text, the fluency score for s3 is 4 out of 5. The text is well-structured and easy to follow, with a clear and concise writing style. There are no obvious errors or formatting issues that would detract from the overall fluency of the text.</s>","Based on the provided text, the fluency score for s3 is 4 out of 5. The text is well-structured and easy to follow, with a clear and concise writing style. There are no obvious errors or formatting issues that would detract from the overall fluency of the text.",4.0
"<s> [INST] <<SYS>>
Assign a score for s3 on a scale of 1 to 5 according to the fluency criteria. Fluency refers to the quality of individual sentences. s3 should have no formatting problems, capitalization errors or obviously ungrammatical sentences (e.g., fragments, missing components) that make s3 difficult to read.
<</SYS>>

[Start s3]
No, this code does not contain instances of the malware objective known as Execution. The code is a simple C# class that defines a structure for storing image information, and it does not contain any code that would allow for the execution of malicious commands.</s> 
[End s3]

Output the fluency score for s3 on a scale of 1 to 5.[/INST]  Based on the provided text, the fluency score for s3 is 4 out of 5. The text is well-structured and easy to follow, with a clear and concise sentence structure. There are no obvious errors in grammar, spelling, or punctuation, and the language used is appropriate for the context. However, there is room for improvement in terms of sentence length and variety, as some sentences are quite long and repetitive. Overall, the text is well-written and easy to understand, but could benefit from some additional variation in sentence structure and length to make it more engaging and interesting to read.</s>","Based on the provided text, the fluency score for s3 is 4 out of 5. The text is well-structured and easy to follow, with a clear and concise sentence structure. There are no obvious errors in grammar, spelling, or punctuation, and the language used is appropriate for the context. However, there is room for improvement in terms of sentence length and variety, as some sentences are quite long and repetitive. Overall, the text is well-written and easy to understand, but could benefit from some additional variation in sentence structure and length to make it more engaging and interesting to read.",4.0
"<s> [INST] <<SYS>>
Assign a score for s3 on a scale of 1 to 5 according to the fluency criteria. Fluency refers to the quality of individual sentences. s3 should have no formatting problems, capitalization errors or obviously ungrammatical sentences (e.g., fragments, missing components) that make s3 difficult to read.
<</SYS>>

[Start s3]
No, this code does not contain instances of the malware objective known as Execution. The code is a simple logging utility that provides methods for logging information at different levels (info, debug, error). It does not contain any code that would allow an attacker to execute malicious code on a target system.</s> 
[End s3]

Output the fluency score for s3 on a scale of 1 to 5.[/INST]  Based on the provided text, the fluency score for s3 is 4 out of 5. The text is well-structured and easy to follow, with a clear and concise writing style. There are no obvious errors or formatting issues that would detract from the overall fluency of the text.</s>","Based on the provided text, the fluency score for s3 is 4 out of 5. The text is well-structured and easy to follow, with a clear and concise writing style. There are no obvious errors or formatting issues that would detract from the overall fluency of the text.",4.0
"<s> [INST] <<SYS>>
Assign a score for s3 on a scale of 1 to 5 according to the fluency criteria. Fluency refers to the quality of individual sentences. s3 should have no formatting problems, capitalization errors or obviously ungrammatical sentences (e.g., fragments, missing components) that make s3 difficult to read.
<</SYS>>

[Start s3]
No, this code does not contain instances of the malware objective known as Execution. The code defines a class called RawInfo with two fields: data and length, which are both of type byte[]. The code does not contain any instructions that would allow it to execute any code or perform any actions that would be considered malicious.</s> 
[End s3]

Output the fluency score for s3 on a scale of 1 to 5.[/INST]  Based on the provided text, the fluency score for s3 is 4 out of 5. The text is well-structured and easy to follow, with a clear and concise sentence structure. There are no obvious errors or formatting issues that would detract from the overall fluency of the text.</s>","Based on the provided text, the fluency score for s3 is 4 out of 5. The text is well-structured and easy to follow, with a clear and concise sentence structure. There are no obvious errors or formatting issues that would detract from the overall fluency of the text.",4.0
"<s> [INST] <<SYS>>
Assign a score for s3 on a scale of 1 to 5 according to the fluency criteria. Fluency refers to the quality of individual sentences. s3 should have no formatting problems, capitalization errors or obviously ungrammatical sentences (e.g., fragments, missing components) that make s3 difficult to read.
<</SYS>>

[Start s3]
No, this code does not contain instances of the malware objective known as Execution. The code is a Java class that contains methods for decoding images and raw resources from a Context, and it does not contain any code that would allow an attacker to execute arbitrary code on the device.</s> 
[End s3]

Output the fluency score for s3 on a scale of 1 to 5.[/INST]  Based on the provided text, the fluency score for s3 is 4 out of 5. The text is well-structured and easy to follow, with a clear and concise sentence structure. There are no obvious errors or formatting issues that would detract from the overall fluency of the text.</s>","Based on the provided text, the fluency score for s3 is 4 out of 5. The text is well-structured and easy to follow, with a clear and concise sentence structure. There are no obvious errors or formatting issues that would detract from the overall fluency of the text.",4.0
"<s> [INST] <<SYS>>
Assign a score for s3 on a scale of 1 to 5 according to the fluency criteria. Fluency refers to the quality of individual sentences. s3 should have no formatting problems, capitalization errors or obviously ungrammatical sentences (e.g., fragments, missing components) that make s3 difficult to read.
<</SYS>>

[Start s3]
No, this code does not contain instances of the malware objective known as Execution. The code is a Java class that plays sounds using the Android SoundPool API. It does not contain any code that would allow an attacker to execute malicious code on the device.</s> 
[End s3]

Output the fluency score for s3 on a scale of 1 to 5.[/INST]  Based on the provided text, the fluency score for s3 is 4 out of 5. The text is well-structured and easy to follow, with a clear and concise sentence structure. There are no obvious errors in grammar, spelling, or punctuation, and the language used is appropriate for the context. However, there is room for improvement in terms of sentence length and variety, as some sentences are quite long and repetitive. Overall, the text is well-written and easy to understand, but could benefit from some additional variation in sentence structure and length to make it more engaging and interesting for the reader.</s>","Based on the provided text, the fluency score for s3 is 4 out of 5. The text is well-structured and easy to follow, with a clear and concise sentence structure. There are no obvious errors in grammar, spelling, or punctuation, and the language used is appropriate for the context. However, there is room for improvement in terms of sentence length and variety, as some sentences are quite long and repetitive. Overall, the text is well-written and easy to understand, but could benefit from some additional variation in sentence structure and length to make it more engaging and interesting for the reader.",4.0
"<s> [INST] <<SYS>>
Assign a score for s3 on a scale of 1 to 5 according to the fluency criteria. Fluency refers to the quality of individual sentences. s3 should have no formatting problems, capitalization errors or obviously ungrammatical sentences (e.g., fragments, missing components) that make s3 difficult to read.
<</SYS>>

[Start s3]
No, this code does not contain instances of the malware objective known as Execution. The code is a Java class that provides utility methods for escaping and decoding URIs, and it does not contain any code that could be used to execute malicious code.</s> 
[End s3]

Output the fluency score for s3 on a scale of 1 to 5.[/INST]  Based on the provided text, the fluency score for s3 is 4 out of 5. The text is clear and easy to understand, with no formatting problems or obvious grammatical errors. The only issue is that the text is a bit long and could benefit from some editing to make it more concise.</s>","Based on the provided text, the fluency score for s3 is 4 out of 5. The text is clear and easy to understand, with no formatting problems or obvious grammatical errors. The only issue is that the text is a bit long and could benefit from some editing to make it more concise.",4.0
"<s> [INST] <<SYS>>
Assign a score for s3 on a scale of 1 to 5 according to the fluency criteria. Fluency refers to the quality of individual sentences. s3 should have no formatting problems, capitalization errors or obviously ungrammatical sentences (e.g., fragments, missing components) that make s3 difficult to read.
<</SYS>>

[Start s3]
No, this code does not contain instances of the malware objective known as Execution. The code defines an abstract class called Escaper with an abstract method called escape, which takes a String as an argument and returns a String. The method is not implemented, and it is not clear what the purpose of the class is. Therefore, it does not contain any instances of the malware objective of Execution.</s> 
[End s3]

Output the fluency score for s3 on a scale of 1 to 5.[/INST]  Based on the provided text, the fluency score for s3 is 3.</s>","Based on the provided text, the fluency score for s3 is 3.",
"<s> [INST] <<SYS>>
Assign a score for s3 on a scale of 1 to 5 according to the fluency criteria. Fluency refers to the quality of individual sentences. s3 should have no formatting problems, capitalization errors or obviously ungrammatical sentences (e.g., fragments, missing components) that make s3 difficult to read.
<</SYS>>

[Start s3]
No, this code does not contain instances of the malware objective known as Execution. The code is a Java class that implements a URL escaper, and it does not contain any code that could be used to execute malicious code.</s> 
[End s3]

Output the fluency score for s3 on a scale of 1 to 5.[/INST]  Based on the provided text, the fluency score for s3 is 4 out of 5. The text is well-structured and easy to follow, with a clear and concise sentence structure. There are no obvious errors or formatting issues that would detract from the overall fluency of the text.</s>","Based on the provided text, the fluency score for s3 is 4 out of 5. The text is well-structured and easy to follow, with a clear and concise sentence structure. There are no obvious errors or formatting issues that would detract from the overall fluency of the text.",4.0
"<s> [INST] <<SYS>>
Assign a score for s3 on a scale of 1 to 5 according to the fluency criteria. Fluency refers to the quality of individual sentences. s3 should have no formatting problems, capitalization errors or obviously ungrammatical sentences (e.g., fragments, missing components) that make s3 difficult to read.
<</SYS>>

[Start s3]
No, this code does not contain instances of the malware objective known as Execution. The code defines a class called Platform that contains a ThreadLocal variable called DEST_TL, which is used to store a char array of size 1024. The code also defines a private constructor and a static method called charBufferFromThreadLocal, which returns the char array stored in the ThreadLocal variable. However, there is no evidence of any malicious activity or attempts to execute code.</s> 
[End s3]

Output the fluency score for s3 on a scale of 1 to 5.[/INST]  Based on the provided text, the fluency score for s3 is 4 out of 5. The text is well-structured and easy to follow, with a clear topic sentence and supporting details. The language is clear and concise, with no obvious errors or formatting issues. The only issue is that the text could benefit from a stronger conclusion or final thought to tie the ideas together more effectively.</s>","Based on the provided text, the fluency score for s3 is 4 out of 5. The text is well-structured and easy to follow, with a clear topic sentence and supporting details. The language is clear and concise, with no obvious errors or formatting issues. The only issue is that the text could benefit from a stronger conclusion or final thought to tie the ideas together more effectively.",4.0
"<s> [INST] <<SYS>>
Assign a score for s3 on a scale of 1 to 5 according to the fluency criteria. Fluency refers to the quality of individual sentences. s3 should have no formatting problems, capitalization errors or obviously ungrammatical sentences (e.g., fragments, missing components) that make s3 difficult to read.
<</SYS>>

[Start s3]
No, this code does not contain instances of the malware objective known as Execution. The code is a Java class that implements a Unicode escaper, which is a utility class for escaping Unicode characters in a string. The code does not contain any malicious code or logic that could be used to execute malicious code.</s> 
[End s3]

Output the fluency score for s3 on a scale of 1 to 5.[/INST]  Based on the provided text, the fluency score for s3 is 4 out of 5. The text is well-structured and easy to follow, with a clear and concise sentence structure. There are no obvious errors or formatting issues that would detract from the overall fluency of the text.</s>","Based on the provided text, the fluency score for s3 is 4 out of 5. The text is well-structured and easy to follow, with a clear and concise sentence structure. There are no obvious errors or formatting issues that would detract from the overall fluency of the text.",4.0
"<s> [INST] <<SYS>>
Assign a score for s3 on a scale of 1 to 5 according to the fluency criteria. Fluency refers to the quality of individual sentences. s3 should have no formatting problems, capitalization errors or obviously ungrammatical sentences (e.g., fragments, missing components) that make s3 difficult to read.
<</SYS>>

[Start s3]
No, this code does not contain instances of the malware objective known as Execution. The code you provided is a simple Java class with a static final attribute named ""attr"". It does not contain any code that could be used to execute malicious code or perform any malicious actions.</s> 
[End s3]

Output the fluency score for s3 on a scale of 1 to 5.[/INST]  Based on the provided text, the fluency score for s3 is 4 out of 5. The text is well-structured and easy to follow, with a clear and concise writing style. There are no obvious errors or formatting issues that would detract from the overall fluency of the text.</s>","Based on the provided text, the fluency score for s3 is 4 out of 5. The text is well-structured and easy to follow, with a clear and concise writing style. There are no obvious errors or formatting issues that would detract from the overall fluency of the text.",4.0
"<s> [INST] <<SYS>>
Assign a score for s3 on a scale of 1 to 5 according to the fluency criteria. Fluency refers to the quality of individual sentences. s3 should have no formatting problems, capitalization errors or obviously ungrammatical sentences (e.g., fragments, missing components) that make s3 difficult to read.
<</SYS>>

[Start s3]
No, this code does not contain instances of the malware objective known as Execution. The code you provided is a Java class that defines a color object with a transparent color value. It does not contain any code that could be used to execute malicious code or perform any malicious actions.</s> 
[End s3]

Output the fluency score for s3 on a scale of 1 to 5.[/INST]  Based on the provided text, the fluency score for s3 is 4 out of 5. The text is well-structured and easy to follow, with a clear and concise sentence structure. There are no obvious errors or formatting issues that would detract from the overall fluency of the text.</s>","Based on the provided text, the fluency score for s3 is 4 out of 5. The text is well-structured and easy to follow, with a clear and concise sentence structure. There are no obvious errors or formatting issues that would detract from the overall fluency of the text.",4.0
"<s> [INST] <<SYS>>
Assign a score for s3 on a scale of 1 to 5 according to the fluency criteria. Fluency refers to the quality of individual sentences. s3 should have no formatting problems, capitalization errors or obviously ungrammatical sentences (e.g., fragments, missing components) that make s3 difficult to read.
<</SYS>>

[Start s3]
No, this code does not contain instances of the malware objective known as Execution. The code you provided is a Java class that defines a delegate for handling notifications, but it does not contain any code that would allow the malware to execute arbitrary code.</s> 
[End s3]

Output the fluency score for s3 on a scale of 1 to 5.[/INST]  Based on the provided text, the fluency score for s3 is 4 out of 5. The text is well-structured and easy to follow, with a clear and concise writing style. There are no obvious errors or formatting issues that would detract from the overall fluency of the text.</s>","Based on the provided text, the fluency score for s3 is 4 out of 5. The text is well-structured and easy to follow, with a clear and concise writing style. There are no obvious errors or formatting issues that would detract from the overall fluency of the text.",4.0
"<s> [INST] <<SYS>>
Assign a score for s3 on a scale of 1 to 5 according to the fluency criteria. Fluency refers to the quality of individual sentences. s3 should have no formatting problems, capitalization errors or obviously ungrammatical sentences (e.g., fragments, missing components) that make s3 difficult to read.
<</SYS>>

[Start s3]
No, this code does not contain instances of the malware objective known as Execution. The code is a resource file that contains a list of drawable resources for an Android application. It does not contain any malicious code or instructions that could be used to execute malware.</s> 
[End s3]

Output the fluency score for s3 on a scale of 1 to 5.[/INST]  Based on the provided text, the fluency score for s3 is 4 out of 5. The text is well-structured and easy to follow, with a clear and concise sentence structure. There are no obvious errors or formatting issues that would detract from the overall fluency of the text.</s>","Based on the provided text, the fluency score for s3 is 4 out of 5. The text is well-structured and easy to follow, with a clear and concise sentence structure. There are no obvious errors or formatting issues that would detract from the overall fluency of the text.",4.0
"<s> [INST] <<SYS>>
Assign a score for s3 on a scale of 1 to 5 according to the fluency criteria. Fluency refers to the quality of individual sentences. s3 should have no formatting problems, capitalization errors or obviously ungrammatical sentences (e.g., fragments, missing components) that make s3 difficult to read.
<</SYS>>

[Start s3]
No, this code does not contain instances of the malware objective known as Execution. The code is a Java class that defines a set of constants for resource IDs in an Android application. It does not contain any malicious code or logic that could be used to execute malicious commands or actions.</s> 
[End s3]

Output the fluency score for s3 on a scale of 1 to 5.[/INST]  Based on the provided text, the fluency score for s3 is 4 out of 5. The text is well-structured and easy to follow, with a clear and concise sentence structure. There are no obvious errors or formatting issues that would detract from the overall fluency of the text.</s>","Based on the provided text, the fluency score for s3 is 4 out of 5. The text is well-structured and easy to follow, with a clear and concise sentence structure. There are no obvious errors or formatting issues that would detract from the overall fluency of the text.",4.0
"<s> [INST] <<SYS>>
Assign a score for s3 on a scale of 1 to 5 according to the fluency criteria. Fluency refers to the quality of individual sentences. s3 should have no formatting problems, capitalization errors or obviously ungrammatical sentences (e.g., fragments, missing components) that make s3 difficult to read.
<</SYS>>

[Start s3]
No, this code does not contain instances of the malware objective known as Execution. The code is a Java class that defines a layout for an Android application, and it does not contain any code that could be used to execute malicious commands or actions.</s> 
[End s3]

Output the fluency score for s3 on a scale of 1 to 5.[/INST]  Based on the provided text, the fluency score for s3 is 4 out of 5. The sentence is well-structured and easy to understand, with a clear subject-verb-object word order and a natural flow of words. There are no obvious errors or awkward phrasing, and the sentence is free of unnecessary words or phrases.</s>","Based on the provided text, the fluency score for s3 is 4 out of 5. The sentence is well-structured and easy to understand, with a clear subject-verb-object word order and a natural flow of words. There are no obvious errors or awkward phrasing, and the sentence is free of unnecessary words or phrases.",4.0
"<s> [INST] <<SYS>>
Assign a score for s3 on a scale of 1 to 5 according to the fluency criteria. Fluency refers to the quality of individual sentences. s3 should have no formatting problems, capitalization errors or obviously ungrammatical sentences (e.g., fragments, missing components) that make s3 difficult to read.
<</SYS>>

[Start s3]
No, this code does not contain instances of the malware objective known as Execution. The code you provided is a simple Java class that defines a menu with a single item, ""of_dashboard"", which has a value of 0x7f080000. This code does not contain any malicious or harmful functionality, and it is not designed to execute any malicious code.</s> 
[End s3]

Output the fluency score for s3 on a scale of 1 to 5.[/INST]  Based on the provided text, the fluency score for s3 is 4 out of 5. The text is well-structured and easy to follow, with a clear and concise sentence structure. There are no obvious errors or grammatical issues, and the language is appropriate for the context. However, there is room for improvement in terms of sentence length and the use of transitions to connect ideas.</s>","Based on the provided text, the fluency score for s3 is 4 out of 5. The text is well-structured and easy to follow, with a clear and concise sentence structure. There are no obvious errors or grammatical issues, and the language is appropriate for the context. However, there is room for improvement in terms of sentence length and the use of transitions to connect ideas.",4.0
"<s> [INST] <<SYS>>
Assign a score for s3 on a scale of 1 to 5 according to the fluency criteria. Fluency refers to the quality of individual sentences. s3 should have no formatting problems, capitalization errors or obviously ungrammatical sentences (e.g., fragments, missing components) that make s3 difficult to read.
<</SYS>>

[Start s3]
No, this code does not contain instances of the malware objective known as Execution. The code is a Java class that defines a Notification class with various properties and methods, but it does not contain any code that would allow for the execution of malicious code.</s> 
[End s3]

Output the fluency score for s3 on a scale of 1 to 5.[/INST]  Based on the provided text, the fluency score for s3 is 4 out of 5. The text is well-structured and easy to follow, with a clear and concise sentence structure. There are no obvious errors or formatting issues that would detract from the overall fluency of the text.</s>","Based on the provided text, the fluency score for s3 is 4 out of 5. The text is well-structured and easy to follow, with a clear and concise sentence structure. There are no obvious errors or formatting issues that would detract from the overall fluency of the text.",4.0
"<s> [INST] <<SYS>>
Assign a score for s3 on a scale of 1 to 5 according to the fluency criteria. Fluency refers to the quality of individual sentences. s3 should have no formatting problems, capitalization errors or obviously ungrammatical sentences (e.g., fragments, missing components) that make s3 difficult to read.
<</SYS>>

[Start s3]
No, this code does not contain instances of the malware objective known as Execution. The code is a Java class that defines a set of methods for interacting with the OpenFeint API, but it does not contain any malicious code that would be executed when the methods are called.</s> 
[End s3]

Output the fluency score for s3 on a scale of 1 to 5.[/INST]  Based on the provided text, the fluency score for s3 is 4 out of 5. The sentence is well-structured and easy to understand, with a clear subject-verb-object word order and a natural flow of words. The only issue is the use of the word ""obviously"" which could be seen as a bit redundant, but it does not significantly affect the overall fluency of the sentence.</s>","Based on the provided text, the fluency score for s3 is 4 out of 5. The sentence is well-structured and easy to understand, with a clear subject-verb-object word order and a natural flow of words. The only issue is the use of the word ""obviously"" which could be seen as a bit redundant, but it does not significantly affect the overall fluency of the sentence.",4.0
"<s> [INST] <<SYS>>
Assign a score for s3 on a scale of 1 to 5 according to the fluency criteria. Fluency refers to the quality of individual sentences. s3 should have no formatting problems, capitalization errors or obviously ungrammatical sentences (e.g., fragments, missing components) that make s3 difficult to read.
<</SYS>>

[Start s3]
No, this code does not contain instances of the malware objective known as Execution. The code is a Java class that defines an abstract class called OpenFeintDelegate, which contains methods for handling user login and logout events, as well as methods for handling the appearance and disappearance of the dashboard. The code does not contain any code that would allow an attacker to execute malicious code on the victim's device.</s> 
[End s3]

Output the fluency score for s3 on a scale of 1 to 5.[/INST]  Based on the provided text, the fluency score for s3 is 4 out of 5. The sentence is well-structured and easy to understand, with a clear subject-verb-object word order and a natural flow of words. The only potential issue is the use of the passive voice in the phrase ""was found to be,"" but this does not significantly affect the overall fluency of the sentence.</s>","Based on the provided text, the fluency score for s3 is 4 out of 5. The sentence is well-structured and easy to understand, with a clear subject-verb-object word order and a natural flow of words. The only potential issue is the use of the passive voice in the phrase ""was found to be,"" but this does not significantly affect the overall fluency of the sentence.",4.0
"<s> [INST] <<SYS>>
Assign a score for s3 on a scale of 1 to 5 according to the fluency criteria. Fluency refers to the quality of individual sentences. s3 should have no formatting problems, capitalization errors or obviously ungrammatical sentences (e.g., fragments, missing components) that make s3 difficult to read.
<</SYS>>

[Start s3]
No, this code does not contain instances of the malware objective known as Execution. The code is a Java class that defines a custom class called OpenFeintSettings, which has various properties and methods for storing and manipulating settings. The code does not contain any code that would execute malicious commands or actions.</s> 
[End s3]

Output the fluency score for s3 on a scale of 1 to 5.[/INST]  Based on the provided text, the fluency score for s3 is 4 out of 5. The text is clear and easy to understand, with no formatting problems or obvious grammatical errors. However, there is a small error in the sentence ""Output the fluency score for s3 on a scale of 1 to 5."" which should read ""Output the fluency score for s3 on a scale of 1 to 5.""</s>","Based on the provided text, the fluency score for s3 is 4 out of 5. The text is clear and easy to understand, with no formatting problems or obvious grammatical errors. However, there is a small error in the sentence ""Output the fluency score for s3 on a scale of 1 to 5."" which should read ""Output the fluency score for s3 on a scale of 1 to 5.""",4.0
"<s> [INST] <<SYS>>
Assign a score for s3 on a scale of 1 to 5 according to the fluency criteria. Fluency refers to the quality of individual sentences. s3 should have no formatting problems, capitalization errors or obviously ungrammatical sentences (e.g., fragments, missing components) that make s3 difficult to read.
<</SYS>>

[Start s3]
Yes, this code contains instances of the malware objective known as ""Execution"". The code defines a class named ""R"" that contains various static final fields, including those for colors, drawables, and layouts. Additionally, the code defines a class named ""menu"" that contains a static final field for a menu item named ""of_dashboard"". This could potentially be used to execute malicious code when the user selects the ""of_dashboard"" menu item.</s> 
[End s3]

Output the fluency score for s3 on a scale of 1 to 5.[/INST]  Based on the provided text, the fluency score for s3 is 4 out of 5. The text is well-structured and easy to follow, with a clear and concise writing style. There are no obvious errors or formatting issues that would detract from the overall fluency of the text.</s>","Based on the provided text, the fluency score for s3 is 4 out of 5. The text is well-structured and easy to follow, with a clear and concise writing style. There are no obvious errors or formatting issues that would detract from the overall fluency of the text.",4.0
"<s> [INST] <<SYS>>
Assign a score for s3 on a scale of 1 to 5 according to the fluency criteria. Fluency refers to the quality of individual sentences. s3 should have no formatting problems, capitalization errors or obviously ungrammatical sentences (e.g., fragments, missing components) that make s3 difficult to read.
<</SYS>>

[Start s3]
No, this code does not contain instances of the malware objective known as Execution.</s> 
[End s3]

Output the fluency score for s3 on a scale of 1 to 5.[/INST]  Based on the provided text, the fluency score for s3 is 4 out of 5. The text is well-structured and easy to follow, with a clear and concise writing style. There are no obvious errors or formatting issues that would detract from the overall fluency of the text.</s>","Based on the provided text, the fluency score for s3 is 4 out of 5. The text is well-structured and easy to follow, with a clear and concise writing style. There are no obvious errors or formatting issues that would detract from the overall fluency of the text.",4.0
"<s> [INST] <<SYS>>
Assign a score for s3 on a scale of 1 to 5 according to the fluency criteria. Fluency refers to the quality of individual sentences. s3 should have no formatting problems, capitalization errors or obviously ungrammatical sentences (e.g., fragments, missing components) that make s3 difficult to read.
<</SYS>>

[Start s3]
No, this code does not contain instances of the malware objective known as Execution. The code appears to be a resource file for an Android application, and it contains a series of integer constants that are used to reference strings in the application's resources. There is no evidence of any malicious code or attempts to execute code in this file.</s> 
[End s3]

Output the fluency score for s3 on a scale of 1 to 5.[/INST]  Based on the provided text, the fluency score for s3 is 4 out of 5. The sentence is well-structured and easy to understand, with a clear subject-verb-object word order and a natural flow of words. The only potential issue is the use of the passive voice in the sentence, which can make it sound less engaging to some readers. However, the overall quality of the sentence is high, and it effectively conveys the intended meaning.</s>","Based on the provided text, the fluency score for s3 is 4 out of 5. The sentence is well-structured and easy to understand, with a clear subject-verb-object word order and a natural flow of words. The only potential issue is the use of the passive voice in the sentence, which can make it sound less engaging to some readers. However, the overall quality of the sentence is high, and it effectively conveys the intended meaning.",4.0
"<s> [INST] <<SYS>>
Assign a score for s3 on a scale of 1 to 5 according to the fluency criteria. Fluency refers to the quality of individual sentences. s3 should have no formatting problems, capitalization errors or obviously ungrammatical sentences (e.g., fragments, missing components) that make s3 difficult to read.
<</SYS>>

[Start s3]
No, this code does not contain instances of the malware objective known as Execution. The code you provided is a Java class that defines constants for a style resource file. It does not contain any code that could be used to execute malicious code.</s> 
[End s3]

Output the fluency score for s3 on a scale of 1 to 5.[/INST]  Based on the provided text, the fluency score for s3 is 4 out of 5. The text is well-structured and easy to follow, with a clear and concise sentence structure. There are no obvious errors or formatting issues that would detract from the overall fluency of the text.</s>","Based on the provided text, the fluency score for s3 is 4 out of 5. The text is well-structured and easy to follow, with a clear and concise sentence structure. There are no obvious errors or formatting issues that would detract from the overall fluency of the text.",4.0
