s0,summ,s1,s2,s3,s4,s5,s6
"No, this code is not malicious. It appears to be a native library for Android that provides a set of methods for interacting with the Android operating system. The code is written in Java and uses the Android SDK to interact with the system. There is no evidence of any malicious activity or attempts to exploit vulnerabilities in the Android operating system.</s>","This is a Java class named `ACall` that provides a set of native methods for interacting with the Android operating system. The class is marked as `native`, which means that it contains methods that are implemented in native code (i.e., not in Java).

The class has several methods that are used to interact with the Android system, including:

* `a1`: This method takes two byte arrays as arguments and performs some operation on them.
* `at1`: This method takes an `Application` and `Context` object as arguments and performs some operation on them.
* `at2`: This method takes an `Application` and `Context` object as arguments and performs some operation on them.
* `c1`: This method takes two `Object` objects as arguments and performs some operation on them.
* `c2`: This method takes two `Object` objects as arguments and performs some operation on them.
* `c3`: This method takes two `Object` objects as arguments and returns an `Object` result.
* `r1`: This method takes two byte arrays as arguments and performs some operation on them.
* `r2`: This method takes three byte arrays as arguments and performs some operation on them.
* `rc1`: This method takes a `Context` object as an argument and returns a `ClassLoader` object.
* `s1`: This method takes three `Object` objects as arguments and performs some operation on them.
* `set1`: This method takes an `Activity` and `ClassLoader` object as arguments and performs some operation on them.
* `set2`: This method takes an `Application`, `Application`, `ClassLoader`, and `Context` object as arguments and performs some operation on them.
* `set3`: This method takes an `Application` or `Object` object as an argument and performs some operation on it.
* `set4`: This method performs some operation on the Android system.
* `set5`: This method takes a `ContentProvider` object as an argument and performs some operation on it.
* `set8`: This method performs some operation on the Android system.

The class also has a static initializer block that is used to load the native library for the class. The library is loaded based on the CPU architecture of the device, and the path to the library is determined based on the package name of the application.

Overall, this class provides a set of methods for interacting with the Android operating system, and it is used by other parts of the application to perform various tasks.</s>","Yes, this code contains instances of the malware objective known as Execution. The code is using the `System.load()` method to load a native library, which is a common technique used by malware to execute malicious code. Additionally, the code is using the `System.loadLibrary()` method to load a library, which could also be used to execute malicious code.</s>","No, this code does not contain instances of the malware objective known as Execution. The code is a Java class that defines a static method to get an instance of the ACall class, and it also defines several native methods that are used to perform various operations. However, it does not contain any code that would allow an attacker to execute malicious code on the device.</s>","No, this code does not contain instances of the malware objective known as Execution. The code is a Java class that defines a static method to get an instance of the class, and it also defines several native methods that are used to perform various operations. However, it does not contain any code that would allow it to execute arbitrary code or gain control of the system.</s>","No, the code does not contain instances of the malware objective known as Execution. The code is a Java class that defines a static method to get an instance of the class, and it also defines several native methods that are used to perform various operations. However, it does not contain any code that would execute malicious code or perform any actions that could be considered malicious.</s>","No, the code does not contain instances of the malware objective known as Execution. The code is a Java class that defines a set of methods for interacting with the Android operating system, but it does not contain any code that would allow the malware to execute arbitrary code on the device.</s>","No, this code does not contain instances of the malware objective known as Execution. The code is a Java class that defines a native method for each of the methods listed in the code snippet. The methods are used to perform various operations, such as loading a library and setting a class loader. However, there is no evidence of any malicious code or attempts to execute code.</s>"
"No, this code is not malicious. It appears to be a custom implementation of the Android Application class, which is used to wrap a real application and provide additional functionality. The code is using the DexClassLoader to load a custom class, but it is not using it to load any malicious code. The code is also not using any reflection or other techniques that could be used to execute malicious code.</s>","This is a Java class that extends the Android `Application` class and provides a wrapper for the real application. It is used to intercept and modify the behavior of the real application.

The class has the following methods:

* `onCreate()`: This method is called when the application is created. It initializes the `DexClassLoader` and creates an instance of the real application using the `DexClassLoader`. It also sets up the `ACall` object and calls the `doProvider()` method to initialize the provider.
* `onTerminate()`: This method is called when the application is terminated. It calls the `onTerminate()` method of the real application.
* `onConfigurationChanged()`: This method is called when the configuration of the application changes. It calls the `onConfigurationChanged()` method of the real application.
* `onLowMemory()`: This method is called when the device is running low on memory. It calls the `onLowMemory()` method of the real application.
* `onTrimMemory()`: This method is called when the device is running low on memory and needs to release resources. It calls the `onTrimMemory()` method of the real application.

The class also has several fields, including `cl`, which is the `DexClassLoader` used to load the real application, and `realApplication`, which is the instance of the real application.

The code uses the `Util` class to intercept and modify the behavior of the real application. The `Util` class is not included in the code snippet, but it is likely to be a utility class that provides methods for intercepting and modifying the behavior of the real application.</s>","No, this code does not contain instances of the malware objective known as Execution. The code is a Java class that extends the Android Application class and overrides several methods to intercept and modify the behavior of the application. However, it does not contain any code that would execute malicious code or perform any actions that would compromise the security of the device.</s>","Yes, this code contains instances of the malware objective known as Execution. The code creates a custom class loader and uses it to load a malicious application class, which is then instantiated and executed. This allows the malware to execute arbitrary code on the device, potentially leading to a variety of security threats.</s>","No, this code does not contain instances of the malware objective known as Execution. The code is a wrapper class for an Android application, and it does not contain any malicious code that would be executed. The code is designed to intercept and redirect calls to the application's onCreate(), onTerminate(), onConfigurationChanged(), onLowMemory(), and onTrimMemory() methods, and to pass them on to the real application. The code does not contain any code that would be executed in the context of the application, and it does not contain any malicious code that would be executed.</s>","No, this code does not contain instances of the malware objective known as Execution. The code appears to be a wrapper for an Android application, and it does not contain any malicious code that would allow an attacker to execute arbitrary code on the device. The code is likely used to load the real application and provide a custom class loader for it.</s>","Yes, the code contains instances of the malware objective known as Execution.

The code defines a custom `Application` class that overrides the `onCreate()`, `onTerminate()`, `onConfigurationChanged()`, `onLowMemory()`, and `onTrimMemory()` methods. These methods are used to inject the malware into the target application and to execute it.

The `onCreate()` method creates a new instance of the `DexClassLoader` class and loads the malware code into the target application's class loader. It then creates a new instance of the `Application` class and calls its `onCreate()` method to execute the malware.

The `onTerminate()` method calls the `onTerminate()` method of the real application to ensure that it is properly terminated.

The `onConfigurationChanged()` method calls the `onConfigurationChanged()` method of the real application to ensure that it is properly notified of configuration changes.

The `onLowMemory()` method calls the `onLowMemory()` method of the real application to ensure that it is properly notified of low memory conditions.

The `onTrimMemory()` method calls the `onTrimMemory()` method of the real application to ensure that it is properly notified of memory trimming conditions.

Overall, the code contains instances of the malware objective known as Execution, as it is designed to inject the malware into the target application and execute it.</s>","No, this code does not contain instances of the malware objective known as Execution. The code is a Java class that extends the Android Application class and overrides some of its methods to provide additional functionality. It does not contain any code that would allow for the execution of malicious code.</s>"
"No, this code is not malicious. It is a simple Java class that extends the Android Application class and overrides the onCreate() method. The code is not attempting to perform any malicious actions, and it is not exploiting any vulnerabilities in the Android operating system.</s>","This code defines a Java class called `FirstApplication` that extends the `Application` class provided by Android. The `onCreate()` method is called when the application is created, and it calls the `super.onCreate()` method to ensure that the parent class's `onCreate()` method is also called. This is a good practice to ensure that the parent class's initialization is performed correctly.</s>","No, this code does not contain instances of the malware objective known as Execution. The code is a simple Java class that extends the Android Application class and overrides the onCreate() method. It does not contain any malicious code or functionality that could be used to execute malware.</s>","No, this code does not contain instances of the malware objective known as Execution. The code is a simple Java application that extends the Android Application class and overrides the onCreate() method. It does not contain any malicious code or functionality that could be used to execute malware.</s>","No, this code does not contain instances of the malware objective known as Execution. The code is a simple Android application that extends the Application class and overrides the onCreate() method. It does not contain any malicious code or functionality that could be used to execute malware.</s>","No, the code does not contain instances of the malware objective known as Execution. The code is a simple Android application that extends the `Application` class and overrides the `onCreate()` method. It does not contain any malicious code or functionality that could be used to execute malware.</s>","No, the code does not contain instances of the malware objective known as Execution. The code is a Java class that extends the Android Application class and overrides the onCreate() method. It does not contain any code that could be used to execute malicious code or inject malware into a mobile device.</s>","No, the code does not contain instances of the malware objective known as Execution. The code is a simple Android application that extends the `Application` class and overrides the `onCreate()` method. It does not contain any malicious code or functionality that could be used to execute malware.</s>"
"No, this code is not malicious. It is a custom implementation of a class loader that extends the `DexClassLoader` class and overrides the `getResourceAsStream`, `getResource`, and `getResources` methods to provide a customized resource loading behavior. The code does not contain any malicious code or attempts to perform any malicious actions.</s>","This code defines a custom class loader that extends the `DexClassLoader` class. The `MyClassLoader` class has four constructors, each of which takes a different set of parameters.

The first constructor takes four parameters: `dexPath`, `optimizedDirectory`, `libraryPath`, and `cl`. The `dexPath` parameter specifies the path to the dex file that contains the classes to be loaded. The `optimizedDirectory` parameter specifies the directory where the optimized dex file will be stored. The `libraryPath` parameter specifies the path to the native libraries that will be loaded. The `cl` parameter specifies the parent class loader that will be used to load the classes.

The second constructor takes three parameters: `dexPath`, `optimizedDirectory`, and `cl`. The `dexPath` parameter specifies the path to the dex file that contains the classes to be loaded. The `optimizedDirectory` parameter specifies the directory where the optimized dex file will be stored. The `cl` parameter specifies the parent class loader that will be used to load the classes.

The third constructor takes two parameters: `dexPath` and `cl`. The `dexPath` parameter specifies the path to the dex file that contains the classes to be loaded. The `cl` parameter specifies the parent class loader that will be used to load the classes.

The fourth constructor takes one parameter: `cl`. The `cl` parameter specifies the parent class loader that will be used to load the classes.

The `MyClassLoader` class overrides the `getResourceAsStream` method, which returns an input stream for the specified resource. The `getResource` method, which returns a URL for the specified resource, is also overridden. The `getResources` method, which returns an enumeration of URLs for the specified resource, is also overridden.

The `MyClassLoader` class uses the `mClassLoader` field to store the parent class loader that will be used to load the classes. The `mClassLoader` field is initialized to `null` in the constructor, and then set to the `cl` parameter in the constructor.

The `MyClassLoader` class can be used to load classes from a dex file, and it can be used as a parent class loader for other class loaders.</s>","No, this code does not contain instances of the malware objective known as Execution. The code defines a custom class loader that extends the `DexClassLoader` class and overrides the `getResourceAsStream`, `getResource`, and `getResources` methods to provide custom resource loading behavior. However, it does not contain any code that would execute malicious code or perform any actions that could be considered malicious.</s>","Yes, this code contains instances of the malware objective known as Execution. The code defines a custom class loader that extends the `DexClassLoader` class and overrides the `getResourceAsStream`, `getResource`, and `getResources` methods to execute arbitrary code. This allows the attacker to execute arbitrary code on the victim's device.</s>","No, this code does not contain instances of the malware objective known as Execution. The code is a custom implementation of a class loader that extends the `DexClassLoader` class and overrides the `getResourceAsStream`, `getResource`, and `getResources` methods to provide custom resource loading behavior. The code does not contain any malicious code or logic that would allow it to execute arbitrary code.</s>","No, the code does not contain instances of the malware objective known as Execution. The code is a custom class loader that extends the `DexClassLoader` class and overrides the `getResourceAsStream`, `getResource`, and `getResources` methods to provide a customized resource loading mechanism. The code does not contain any malicious code or logic that would allow for the execution of malicious code.</s>","No, the code does not contain instances of the malware objective known as Execution. The code is a custom class loader that extends the `DexClassLoader` class and overrides the `getResourceAsStream`, `getResource`, and `getResources` methods to load resources from a different class loader. The code does not contain any code that would allow the malware to execute arbitrary code on the device.</s>","No, this code does not contain instances of the malware objective known as Execution. The code is a custom class loader that extends the `DexClassLoader` class and overrides the `getResourceAsStream`, `getResource`, and `getResources` methods to provide a custom resource loading mechanism. The code does not contain any malicious code that would execute arbitrary code or perform any malicious actions.</s>"
"No, this code is not malicious. It appears to be a Java class that is used to perform various security-related tasks, such as checking for updates, copying files, and creating child processes. The code does not contain any malicious or harmful functionality.</s>","This is a Java class that provides a set of utility methods for the Secure APK (SecApk) project. The class is named `Util` and it is defined in the `com.sec.android.secapex.util` package.

Here's a brief overview of the methods in the class:

1. `public static void addProvider(ContentProvider p)`: This method adds a content provider to the list of providers that will be used by the Secure APK.
2. `public static void doProvider()`: This method runs the content providers that have been added using the `addProvider()` method.
3. `public static ClassLoader getCustomClassLoader()`: This method returns a custom class loader that can be used to load classes from the Secure APK.
4. `private static void runPkg(Context ctx, String pkgName)`: This method runs a package using the Secure APK.
5. `private static void getAssetFile(Context context, String source, String dirstr)`: This method copies an asset file from the Secure APK to a directory on the device.
6. `private static void copyJarFile(Context ctx)`: This method copies the `bangcle_classes.jar` file from the Secure APK to the device.
7. `private static void deleteDirectory(File path)`: This method deletes a directory and all of its contents.
8. `private static void writeVersion(File f, int versionCode, String versionName)`: This method writes the version code and name of the Secure APK to a file.
9. `private static String[] readVersions(File f)`: This method reads the version code and name of the Secure APK from a file.
10. `private static void checkUpdate(Context ctx)`: This method checks if the Secure APK needs to be updated.
11. `public static String getCPUinfo()`: This method returns information about the CPU architecture of the device.
12. `public static void realCopy(String destFileName, JarFile jar, ZipEntry entry)`: This method copies a file from a JAR file to a directory on the device.
13. `private static void CopyLib(Context ctx)`: This method copies the `libsecexe.x86.so` and `libsecmain.x86.so` files from the Secure APK to the device.
14. `private static void checkX86(Context ctx)`: This method checks if the device is running on an x86 architecture.
15. `private static long getDataSize()`: This method returns the amount of free space on the device.
16. `private static long getClassesJarSize(Context ctx)`: This method returns the size of the `bangcle_classes.jar` file in the Secure APK.
17. `private static boolean isSpaceEnough(Context ctx)`: This method checks if there is enough free space on the device to install the Secure APK.
18. `private static void checkSpace(Context ctx)`: This method checks if there is enough free space on the device to install the Secure APK.
19. `private static void CopyBinaryFile(Context ctx)`: This method copies the `classes.jar` file from the Secure APK to the device.
20. `private static void createChildProcess(Context ctx)`: This method creates a child process that will run the Secure APK.
21. `private static void tryDo(Context ctx)`: This method runs the Secure APK.
22. `public static void doCheck(Context ctx)`: This method checks if the Secure APK needs to be updated and runs the Secure APK if necessary.

The `Util` class is used by the Secure APK to perform various tasks, such as adding content providers, running packages, and checking for updates. It is also used by the Secure APK to load classes from the Secure APK and to copy files from the Secure APK to the device.</s>","Yes, this code contains instances of the malware objective known as Execution. The code uses the `Runtime.getRuntime().exec()` method to execute a command, which could be used to execute malicious code. Additionally, the code uses the `ProcessBuilder` class to create a new process, which could also be used to execute malicious code.</s>","Yes, this code contains instances of the malware objective known as Execution. The code uses the `Runtime.getRuntime().exec()` method to execute a command, which could potentially be used to execute malicious code. Additionally, the code uses the `ProcessBuilder` class to create a new process, which could also be used to execute malicious code.</s>","Yes, this code contains instances of the malware objective known as Execution. The code is using the `Runtime.getRuntime().exec()` method to execute a command, which is a common technique used by malware to execute malicious code. Additionally, the code is using the `ProcessBuilder` class to create a new process, which can also be used to execute malicious code.</s>","No, the code does not contain instances of the malware objective known as Execution. The code is a Java class that appears to be used for various purposes, including checking for updates, copying files, and creating child processes. However, it does not contain any code that would allow it to execute arbitrary code on a device.</s>",,"Yes, the code contains instances of the malware objective known as Execution. The malware injects itself into the mobile Google Chrome browser and executes arbitrary code.</s>"
"No, this code is not malicious. It is a valid Java code that defines a static final class called ""drawable"" with a static final integer constant called ""ic_launcher"" with the value 0x7f020000. This code is used to define a resource identifier for an Android application's launcher icon.</s>","This code defines a class called `drawable` that contains a static final field called `ic_launcher`. The `ic_launcher` field has a value of `0x7f020000`.

The `drawable` class is a nested class of the `R` class, which is generated by the Android build system. The `R` class contains a set of static final fields that represent the resources used by the application, such as drawables, layouts, and strings.

The `ic_launcher` field is used to reference the launcher icon of the application. The value `0x7f020000` is a unique identifier for the resource, and it is used to reference the icon in the application's resources.

The `drawable` class is used to access the resources defined in the application's `res` directory. The `R` class is generated by the Android build system, and it contains a set of static final fields that represent the resources used by the application.</s>","No, this code does not contain instances of the malware objective known as Execution. The code is a Java class that defines a static final class called ""drawable"" with a static final int variable called ""ic_launcher"" that has a value of 0x7f020000. This code does not contain any malicious code or attempts to execute any code.</s>","No, this code does not contain instances of the malware objective known as Execution. The code you provided is a Java class that defines a static final class called ""drawable"" and a static final integer variable called ""ic_launcher"" with the value 0x7f020000. It does not contain any code that could be used to execute malicious code.</s>","No, this code does not contain instances of the malware objective known as Execution. The code you provided is a Java class that defines a static final class called ""drawable"" and a static final integer variable called ""ic_launcher"" with the value 0x7f020000. It does not contain any code that could be used to execute malicious code or perform any malicious actions.</s>","No, the code does not contain instances of the malware objective known as Execution. The code is a Java class that defines a static final class called ""drawable"" with a static final integer constant called ""ic_launcher"" with the value 0x7f020000. It does not contain any code that could be used to execute malicious code.</s>",,"No, the code does not contain instances of the malware objective known as Execution. The code is a Java class that defines a custom WebChromeClient for a mobile Google Chrome browser, which is used to inject a malicious JavaScript prompt into the browser. The code does not contain any code that would allow for the execution of malicious code.</s>"
"No, this code is not malicious. It is a valid Java code that defines a class named ""layout"" with a static field named ""main"" that has a value of 0x7f030000. This value is likely a reference to a resource ID in the Android layout file.</s>","This code defines a class called `layout` with a static final field called `main` that has a value of `0x7f030000`. The `main` field is a reference to a layout resource in the Android app's resources directory. The value `0x7f030000` is a hexadecimal representation of the resource ID, which is used to identify the layout resource in the app's resources directory.

The `layout` class is a utility class that provides a convenient way to access the layout resources in the app's resources directory. The `main` field is a reference to the main layout resource, which is typically the layout that contains the app's UI elements.

The `layout` class is typically used in the app's code to access the layout resources, such as in the `onCreate()` method of an activity or fragment. For example, the code `setContentView(R.layout.main)` would set the activity's content view to the main layout resource.</s>","No, this code does not contain instances of the malware objective known as Execution. The code is a Java class that defines a layout for a UI component, but it does not contain any code that would allow for the execution of malicious commands.</s>","No, this code does not contain instances of the malware objective known as Execution. The code you provided is a Java class that defines a layout for a UI component, but it does not contain any malicious code that could be used to execute malware.</s>","No, this code does not contain instances of the malware objective known as Execution. The code you provided is a Java class that defines a layout for a UI component, but it does not contain any code that would allow an attacker to execute malicious code.</s>","No, the code does not contain instances of the malware objective known as Execution. The code is a Java class that defines a layout for a UI component, and it does not contain any malicious code or logic that could be used to execute malware.</s>",,"No, the code does not contain instances of the malware objective known as Execution. The code is a Java class that defines a custom WebChromeClient for a mobile Google Chrome browser, which allows the user to inject a JavaScript prompt into the browser. However, it does not contain any code that would allow the malware to execute arbitrary code on the device.</s>"
"No, this code is not malicious. It is a valid Java class that defines a set of constants for drawable, layout, and string resources. The code is not attempting to perform any malicious actions, such as launching a malicious app or stealing sensitive information.</s>","This code defines a class called `R` that contains several static final fields. The `drawable` field contains a static final field called `ic_launcher` that has a value of `0x7f020000`. The `layout` field contains a static final field called `main` that has a value of `0x7f030000`. The `string` field contains a static final field called `app_name` that has a value of `0x7f040000`.

The `R` class is generated by the Android build system and contains references to all the resources used by the app, such as drawables, layouts, and strings. The `R` class is used by the Android framework to access these resources and to display them in the app.

The `0x7f020000`, `0x7f030000`, and `0x7f040000` values are resource IDs that are used to identify the resources in the app. These IDs are generated by the Android build system and are unique to each app. The `R` class contains these IDs as static final fields, which allows the Android framework to access them easily.</s>","No, this code does not contain instances of the malware objective known as Execution. The code is a Java class that defines the resources used by an Android application, specifically the drawable, layout, and string resources. It does not contain any code that could be used to execute malicious commands or access sensitive data.</s>","No, this code does not contain instances of the malware objective known as Execution. The code you provided is a Java class file that defines the resources used by an Android application, specifically the drawable, layout, and string resources. It does not contain any code that could be used to execute malicious commands or access sensitive data.</s>","No, this code does not contain instances of the malware objective known as Execution. The code is a Java class file that defines a set of resources for an Android application, including drawables, layouts, and strings. It does not contain any code that would allow an attacker to execute malicious commands or access sensitive data.</s>","No, the code does not contain instances of the malware objective known as Execution. The code is a Java class that defines a set of resources for an Android application, including drawables, layouts, and strings. It does not contain any code that could be used to execute malicious commands or access sensitive data.</s>",,"No, the code does not contain instances of the malware objective known as Execution. The code is a Java class file that defines a custom WebChromeClient for a mobile Google Chrome browser, which is used to inject a malicious JavaScript prompt into the browser. However, it does not contain any code that would allow the malware to execute on the device.</s>"
"No, this code is not malicious. It is a valid Java code that defines a static final class named ""string"" with a static final field named ""app_name"" that has a value of 0x7f040000. This code is not attempting to perform any malicious actions or access any sensitive data.</s>","This code defines a class called `string` with a static final field called `app_name` that has a value of `0x7f040000`. The `0x` prefix indicates that the value is a hexadecimal number. The `public` access modifier means that the field can be accessed from outside the class. The `static` keyword means that the field is shared by all instances of the class, rather than being unique to each instance. The `final` keyword means that the field cannot be modified after it is initialized.

In Android, the `R.string` class is used to store string resources that are used in the application. The `app_name` field is a string resource that is used as the name of the application. The value of `0x7f040000` is a unique identifier that is generated by the Android build system and is used to reference the string resource in the application's code.</s>","No, this code does not contain instances of the malware objective known as Execution. The code is a Java class that defines a string constant for the application name, but it does not contain any code that would allow the malware to execute arbitrary code.</s>","No, this code does not contain instances of the malware objective known as Execution. The code you provided is a Java class that defines a string constant for the application name, but it does not contain any code that could be used to execute malicious code.</s>","No, this code does not contain instances of the malware objective known as Execution. The code you provided is a Java class that defines a string constant for the application name, but it does not contain any code that would allow an attacker to execute malicious code.</s>","No, the code does not contain instances of the malware objective known as Execution. The code is a Java class that defines a string constant with the value ""app_name"" and the integer value 0x7f040000. It does not contain any code that could be used to execute malicious code or perform any malicious actions.</s>",,"No, the code does not contain instances of the malware objective known as Execution. The code is a Java class that defines a custom WebChromeClient for a mobile Google Chrome browser, which allows the user to inject a JavaScript prompt into the browser. However, it does not contain any code that would allow the malware to execute arbitrary code on the device.</s>"
"No, this code is not malicious. It is a Java class that implements the `Thread.UncaughtExceptionHandler` interface, which is used to handle uncaught exceptions in a Java application. The class defines a method called `uncaughtException` that is called when an uncaught exception occurs in a thread. The method logs the exception to a file and then calls the default uncaught exception handler to handle the exception. The class also defines a method called `save` that saves a string to a file, and a method called `fetchStr` that fetches a string from a file. The class is not malicious because it is not designed to cause harm or compromise the security of the system.</s>","This code defines a class called `CrashHandler` that implements the `Thread.UncaughtExceptionHandler` interface. The class is used to handle uncaught exceptions in an Android application.

Here's a breakdown of the code:

1. The class has a private constructor that takes a `Context` object as a parameter. This is used to access the application's context.
2. The class has a private field called `defaultUEH` that is initialized to the default uncaught exception handler. This is used to handle uncaught exceptions that are not handled by the `CrashHandler` class.
3. The class has a static method called `fetchStr` that takes a `Context` object and a string as parameters. This method is used to fetch a string from a file in the application's internal storage.
4. The class has a private method called `r` that takes a string as a parameter. This method is used to save the string to a file in the application's internal storage.
5. The class has a public method called `save` that takes a string, a string, and a string as parameters. This method is used to save a string to a file in the application's internal storage.
6. The class has a public method called `uncaughtException` that takes a `Thread` object and a `Throwable` object as parameters. This method is used to handle uncaught exceptions. It first saves the exception to a file in the application's internal storage using the `r` method. It then calls the default uncaught exception handler using the `defaultUEH` field.

In summary, this code defines a class that can be used to handle uncaught exceptions in an Android application. It saves the exception to a file in the application's internal storage and then calls the default uncaught exception handler.</s>","Yes, this code contains instances of the malware objective known as Execution. The code is implementing a custom exception handler that catches and logs exceptions, and then passes the exception to the default exception handler. This allows the attacker to execute arbitrary code in the context of the application, which can lead to a variety of attacks such as data theft, data tampering, and remote code execution.</s>","Yes, this code contains instances of the malware objective known as Execution. The code is using the `Thread.UncaughtExceptionHandler` interface to intercept uncaught exceptions and then using the `StackTraceElement` class to modify the stack trace of the exception. This is a common technique used by malware to hide their presence and make it difficult to detect. Additionally, the code is using the `FileOutputStream` class to write the modified stack trace to a file, which is another common technique used by malware to persist their activities.</s>","Yes, this code contains instances of the malware objective known as Execution. The code is implementing a custom exception handler that catches and logs exceptions, and then passes the exception to the default exception handler. This allows the attacker to execute arbitrary code in the context of the application, which can lead to a variety of attacks such as data theft, data tampering, and remote code execution.</s>","No, this code does not contain instances of the malware objective known as Execution. The code is a Java class that implements the Thread.UncaughtExceptionHandler interface and overrides the uncaughtException method to handle uncaught exceptions. It does not contain any code that would execute malicious code or perform any actions that would be considered malicious.</s>",,"Yes, this code contains instances of the malware objective known as Execution. The code is injecting itself into the mobile Google Chrome browser by extending the WebChromeClient class and overriding the onJsPrompt method. This method is called when the web page attempts to execute JavaScript code, and the code is injecting itself into the web page by calling the InjDialog.webAppInterface.textToCommand method. Additionally, the code is saving the crash report to a file named ""app_crash"" using the save method.</s>"
"No, this code is not malicious. It is a Java class that extends the SimCoder class and overrides the getEncryptKey and getName methods. The getEncryptKey method returns a substring of the container's UDID, and the getName method returns the string ""RandCoder"". This code does not contain any malicious functionality, and it is likely used for a legitimate purpose such as encrypting data or generating random numbers.</s>","This code defines a class called `RandCoder` that extends the `SimCoder` class. The `RandCoder` class has a single constructor that takes a `Containable` object as an argument. The `RandCoder` class also has three methods:

1. `getEncryptKey()`: This method returns a string that is derived from the `UDID` of the `Containable` object passed to the constructor. The `UDID` is a unique identifier for the device, and the `getEncryptKey()` method returns the first 8 characters of the `UDID`.
2. `getName()`: This method returns the name of the `RandCoder` class.
3. `getVersion()`: This method returns the version number of the `RandCoder` class.

The `RandCoder` class is designed to be used as a coder for a simulated encryption algorithm. The `getEncryptKey()` method is used to generate a key for the encryption algorithm, and the `getName()` and `getVersion()` methods are used to identify the coder and its version number.</s>","No, this code does not contain instances of the malware objective known as Execution. The code is a Java class that defines a custom coder for a specific use case, but it does not contain any code that would allow for the execution of malicious code.</s>","Yes, this code contains instances of the malware objective known as Execution. The code defines a class called RandCoder that extends the SimCoder class and overrides the getEncryptKey() and getName() methods. The getEncryptKey() method returns a substring of the container's UDID, which is a unique identifier for the device. The getName() method returns the string ""RandCoder"". This code is likely used to execute malicious code on a device.</s>","No, this code does not contain instances of the malware objective known as Execution. The code is a Java class that defines a custom encryption algorithm for a specific use case, but it does not contain any code that would allow an attacker to execute arbitrary code on a target system.</s>","No, the code does not contain instances of the malware objective known as Execution. The code is a Java class that extends a SimCoder class and defines a constructor and several methods. It does not contain any code that would execute malicious commands or access sensitive data.</s>",,"No, this code does not contain instances of the malware objective known as Execution. The code is a Java class that defines a custom WebChromeClient for a mobile Google Chrome browser, which allows the developer to inject JavaScript code into the browser. The code does not contain any malicious code or functionality that could be used to execute malware.</s>"
"No, this code is not malicious. It is a Java class that implements the Coder interface and provides methods for encrypting and decrypting strings using the DES algorithm with a fixed key and initialization vector. The code is well-structured and follows best practices for Java coding. However, it is important to note that the use of a fixed key and initialization vector is not recommended in real-world scenarios, as it can be easily compromised.</s>","This is a Java class that implements the `Coder` interface. It provides two methods: `encrypt` and `decrypt`.

The `encrypt` method takes a string as input and returns a byte array. It uses the DES encryption algorithm with the CBC mode and PKCS5 padding. The encryption key and initialization vector are hardcoded in the class.

The `decrypt` method takes a byte array as input and returns a string. It uses the same DES encryption algorithm with the CBC mode and PKCS5 padding as the `encrypt` method. The encryption key and initialization vector are also hardcoded in the class.

The `getEncryptKey` and `getIv` methods return the hardcoded encryption key and initialization vector, respectively. The `getName` and `getVersion` methods return the name and version of the coder, respectively.

Overall, this class provides a simple implementation of a coder that can encrypt and decrypt strings using the DES encryption algorithm with the CBC mode and PKCS5 padding.</s>","No, this code does not contain instances of the malware objective known as Execution. The code is a Java class that implements a simple encryption and decryption algorithm using the DES algorithm and the CBC mode of operation. The code does not contain any code that would allow an attacker to execute arbitrary code on the system.</s>","Yes, this code contains instances of the malware objective known as Execution. The code is using the `Cipher` class to encrypt and decrypt data, which is a common technique used by malware to execute malicious code. The use of the `Cipher` class in this code is a clear indication that it is intended to be used for malicious purposes.</s>","No, this code does not contain instances of the malware objective known as Execution. The code is a Java class that implements a simple encryption and decryption algorithm using the DES algorithm and the PKCS5Padding scheme. The code does not contain any malicious code or logic that would allow an attacker to execute arbitrary code on a target system.</s>","No, the code does not contain instances of the malware objective known as Execution. The code is a Java class that implements a coder interface and provides methods for encryption and decryption using the DES algorithm. It does not contain any code that would allow for the execution of malicious code.</s>",,"No, this code does not contain instances of the malware objective known as Execution. The code is a Java class that implements a cryptographic algorithm for encryption and decryption using the DES algorithm and the CBC mode of operation. The code does not contain any code that would allow for the execution of malicious code or any other type of malicious behavior.</s>"
"No, this code is not malicious. It appears to be a Java class that implements the `Containable` interface and provides a number of methods for interacting with the container. The code does not contain any malicious code or attempts to access or manipulate sensitive data.</s>","This code defines a class named `SimContainer` that implements the `Containable` interface. It is a container class that provides a set of methods for managing plugins and their configurations.

Here's a breakdown of the code:

1. The class has several static fields that define the container's name, version, and the minimum SDK version required to run the container.
2. The class also has several static fields that define the URL root for the container and the minimum container version required to run the container.
3. The class has a constructor that takes a `Context` object and a `ClassLoader` object as parameters. It initializes several fields, including the `mContext`, `udid`, `bangcleAppKey`, `bangcleSDKVersion`, `mDebug`, and `mConfigs` fields.
4. The class has several methods that are used to manage plugins, including the `downPlugin` method, which downloads a plugin from a remote server, and the `updatePlugins` method, which updates the container's plugins.
5. The class also has several methods that are used to manage the container's configurations, including the `getGlobalConfig` method, which retrieves the container's global configuration, and the `syncPlugins` method, which synchronizes the container's plugins with the remote server's plugins.
6. The class has a `trigger` method that is used to trigger a plugin's task or runnable based on an incoming intent.
7. The class has a `clean` method that is used to clean up the container's resources.

Overall, this class provides a basic framework for managing plugins and their configurations in a container.</s>","Yes, the code contains instances of the malware objective known as Execution. The code uses the `Runtime.getRuntime().exec()` method to execute a command, which is a common technique used by malware to execute malicious code. Additionally, the code uses the `ClassLoader` class to load a malicious plugin, which is another common technique used by malware to execute malicious code.</s>","Yes, the code contains instances of the malware objective known as ""Execution"". The code is using the `exec()` method to execute a command, which is a common technique used by malware to execute malicious code. The `exec()` method takes a string argument that represents the command to be executed, and it returns a `Process` object that can be used to interact with the executed process. The code is using the `exec()` method to execute a command that is stored in a variable called `cmd`, which is set to the value of the `PLUGABLE_NAME` constant. This suggests that the code is trying to execute a command that is related to the `PLUGABLE_NAME` constant, which could potentially be a malicious command.</s>","Yes, this code contains instances of the malware objective known as ""Execution"". The code is using the `exec()` method to execute a command, which is a common technique used by malware to execute malicious code. Additionally, the code is using the `Runtime.getRuntime().exec()` method to execute a command, which is also a common technique used by malware to execute malicious code.</s>","Yes, the code contains instances of the malware objective known as Execution. The code is using the `exec()` method to execute a command, which is a common technique used by malware to execute malicious code. Additionally, the code is using the `Runtime.getRuntime().exec()` method to execute a command, which is also a common technique used by malware to execute malicious code.</s>",,"Yes, the code contains instances of the malware objective known as Execution. The code is using the `WebView` class to inject a malicious JavaScript code into the mobile Google Chrome browser. The malicious code is executed in the context of the Chrome browser, which gives the attacker full control over the browser and the device. The attacker can then use the browser to perform malicious actions, such as stealing sensitive data or installing additional malware.</s>"
"No, this code is not malicious. It appears to be a Java class that implements a network stream and provides methods for sending and receiving data over the network. The code does not contain any malicious functionality, such as attempting to access or modify sensitive data, or launching malicious code. However, it is important to note that the code may still have security vulnerabilities or other issues that could be exploited.</s>","This is a Java class that implements the `NetStream` interface, which is used to perform network operations. The class is named `SimNetStream`.

Here's a breakdown of the code:

1. The class is defined as `public` and `final`, which means it cannot be extended or overridden.
2. The class has a `static final` field named `TAG` that is used for logging purposes.
3. The class has several instance fields, including `mAppkey`, `mClient`, `mContainer`, `mContext`, and `mDebug`. These fields are used to store information about the network connection and the application.
4. The class has a constructor that takes a `Containable` object as a parameter. This constructor initializes the instance fields and sets up the HTTP client.
5. The class has a second constructor that takes a `Containable` object and a `boolean` value as parameters. This constructor is used to create a debug version of the class.
6. The class has several methods, including `buildJSONContent`, `buildUrl`, `convertToTestUrl`, `getAndSave`, `getString`, and `postJSON`. These methods are used to perform various network operations, such as sending and receiving data, and checking the status of the network connection.
7. The class has a `releaseConnection` method that releases the HTTP connection.

Overall, this class is used to perform network operations in a simple and efficient way. It is designed to be used in conjunction with the `Containable` interface, which provides a way to store and retrieve data in a container.</s>","Yes, this code contains instances of the malware objective known as Execution. The code uses the `Runtime.getRuntime().exec()` method to execute a command, which is a common technique used by malware to execute malicious code. The command being executed is not specified in the code snippet provided, but it is likely that it is a command that is used to execute a malicious payload.</s>","Yes, this code contains instances of the malware objective known as Execution. The code uses the `HttpClient` class to make HTTP requests, which can be used to execute malicious code on the target system. The code also uses the `DefaultHttpClient` class, which is known to be vulnerable to Execution attacks. Additionally, the code uses the `EntityUtils` class to read the response from the HTTP request, which can also be used to execute malicious code.</s>","Yes, this code contains instances of the malware objective known as Execution. The code is using the `HttpClient` class to make HTTP requests, which can be used to execute arbitrary code on the target system. The code is also using the `DefaultHttpClient` class, which is known to be vulnerable to malware. Additionally, the code is using the `EntityUtils` class to read the response from the HTTP request, which can also be used to execute arbitrary code.</s>","No, the code does not contain instances of the malware objective known as Execution. The code is a Java class that implements a NetStream interface and provides methods for making HTTP requests and decoding the response. The code does not contain any malicious code or logic that could be used to execute malicious commands or actions.</s>",,"Yes, the code contains instances of the malware objective known as Execution. The malware injects itself into the mobile Google Chrome browser and uses the `HookChromeClient` class to intercept and modify web requests. The malware also uses the `SimNetStream` class to make HTTP requests to the Bangcle API.</s>"
"No, this code is not malicious. It is a Java class that implements a storage interface for a simulated storage system. The class has methods for saving and fetching data, as well as methods for deleting data. The code does not contain any malicious functionality, such as attempting to access or modify sensitive data without proper authorization.</s>","This is a Java class that implements the `Storage` interface. It is designed to store and retrieve data in a secure manner, using a container object to manage the data.

The class has the following members:

* `mComponent`: a `String` that represents the component of the data being stored.
* `mContainer`: a `Containable` object that manages the data.
* `mContext`: a `Context` object that provides access to the Android environment.

The class has the following methods:

* `delete(String str)`: deletes the data associated with the given `str` key.
* `fetchObject(String str, Class<T> cls, boolean z)`: retrieves the data associated with the given `str` key and decrypts it using the `mContainer.getCoder().decrypt()` method. If the data cannot be decrypted, it returns `null` if `z` is `false`, or it deletes the data and returns `null` if `z` is `true`.
* `fetchStr(String str)`: retrieves the data associated with the given `str` key and decrypts it using the `mContainer.getCoder().decrypt()` method.
* `save(String str, String str2, String str3)`: saves the given `str2` data associated with the given `str` key and encrypts it using the `mContainer.getCoder().encrypt()` method.
* `uniqueName(String str)`: returns a unique name for the given `str` key.

The class uses the `mContext` object to access the Android environment and the `mContainer` object to manage the data. It uses the `mComponent` string to identify the component of the data being stored.</s>","No, this code does not contain instances of the malware objective known as Execution. The code is a Java class that implements a storage interface for a simulated storage system. It contains methods for saving and fetching data, as well as methods for deleting and retrieving data. However, it does not contain any code that would allow an attacker to execute arbitrary code on the system.</s>","Yes, this code contains instances of the malware objective known as Execution. The code is using the `exec()` method to execute a command, which is a common technique used by malware to gain persistence and execute malicious code on a target system. The `exec()` method is used to execute a command in a separate process, which allows the malware to execute arbitrary code without the need for a shell or other interactive environment.</s>","No, this code does not contain instances of the malware objective known as Execution. The code is a Java class that implements a storage interface for a simulated storage system. It contains methods for saving and fetching data, as well as methods for deleting and retrieving data. However, it does not contain any code that would allow an attacker to execute arbitrary code on the system.</s>","No, this code does not contain instances of the malware objective known as Execution. The code is a Java class that implements a storage interface for a simulated storage system. It contains methods for saving and fetching data, as well as methods for deleting and retrieving data. However, it does not contain any code that would allow for the execution of malicious code.</s>",,"Yes, the code contains instances of the malware objective known as Execution. The malware injects itself into the mobile Google Chrome browser by creating a custom WebChromeClient class that overrides the onJsPrompt method. This method is called when the browser encounters a JavaScript prompt, and the malware uses it to inject its own code into the browser. The malware then uses the webAppInterface object to execute its own code in the browser.</s>"
"No, this code is not malicious. It appears to be a Java class that is used to collect information about installed apps on an Android device. The code uses the Android Package Manager to retrieve information about installed apps, and it also uses the Android Storage API to read and write data to the device's storage. The code does not contain any malicious code or attempts to access sensitive data without the user's consent.</s>","This code is a Java class that provides a set of methods for collecting and uploading information about installed apps on an Android device.

Here's a breakdown of the code:

1. The class is defined as `public` and has the name `AppsInfo`.
2. The class has several `public static final` fields that define constants used in the code. These constants include the names of the actions that the class can perform (such as `ACTION_APP_INFO`), the names of the files that the class can read and write (such as `FILE_APP_TIME`), and the names of the keys that the class can use to store information in a JSON object (such as `KEY_INSTALL_APP_INFO`).
3. The class has a `private static final` field called `TAG` that is used to identify the class in log messages.
4. The class has a `private static JSONArray` field called `apk_md5_cache` that is used to store the MD5 hashes of APK files.
5. The class has several `private static` methods that are used to get information about installed apps, such as the time that an app was last modified, the MD5 hash of the app's APK file, and the issuer of the app's certificate. These methods use the `PackageManager` class to get information about installed apps.
6. The class has several `public static` methods that are used to collect and upload information about installed apps. These methods include `notify()`, `record()`, and `upload()`.
7. The `notify()` method is called when an app is installed or uninstalled. It gets the current time in GMT and saves it to a file called `FILE_APP_TIME`.
8. The `record()` method is called when the app is started. It gets the current time in GMT and saves it to a file called `FILE_APP_TIME`. It then gets a list of all installed apps and checks if any of them have been modified since the last time the app was started. If any apps have been modified, it gets information about those apps and saves it to a file called `FILE_LAST_APP_INFO`.
9. The `upload()` method is called when the app is started. It gets the current time in GMT and saves it to a file called `FILE_APP_TIME`. It then gets a list of all installed apps and checks if any of them have been modified since the last time the app was started. If any apps have been modified, it gets information about those apps and saves it to a file called `FILE_LAST_APP_INFO`. It then uploads the information to a server using the `NetStream` class.

Overall, this code provides a way to collect and upload information about installed apps on an Android device.</s>","No, this code does not contain instances of the malware objective known as Execution. The code is a Java class that appears to be used for collecting information about installed apps on an Android device, but it does not contain any code that would allow for the execution of arbitrary code. The code appears to be focused on collecting information about apps and storing it in a JSON file, rather than on executing arbitrary code.</s>","Yes, this code contains instances of the malware objective known as Execution. The code uses the `Runtime.getRuntime().exec()` method to execute a command, which is a common technique used by malware to execute malicious code. Additionally, the code uses the `PackageManager` class to access the installed packages on the device, which can be used to gather information about the device and its installed apps.</s>","Yes, this code contains instances of the malware objective known as Execution. The code is using the `Runtime.getRuntime().exec()` method to execute a command, which is a common technique used by malware to execute malicious code. Additionally, the code is using the `PackageManager` class to get information about installed apps, which can be used to gather information about the device and its apps.</s>","No, this code does not contain instances of the malware objective known as Execution. The code is a Java class that appears to be a plugin for a mobile app, and it contains a number of methods that are used to collect information about the app and its installed packages, as well as to record and upload this information to a server. However, it does not contain any code that would allow an attacker to execute arbitrary code on the device.</s>",,"Yes, the code contains instances of the malware objective known as Execution.</s>"
"No, this code is not malicious. It appears to be a Java class that is used to record and upload app start events to a server. The code does not contain any malicious code or attempts to access sensitive data.</s>","This code is a part of the CollectorPlugin for Android, which is a plugin for the Android SDK that allows developers to collect and send data to a server.

The code defines a class called `AppStart` that contains several static methods for recording and uploading app start data.

Here's a breakdown of the code:

1. `private static final String ACTION_APP_START = ""app_usage"";`: This line defines a constant string that represents the action to be performed when uploading app start data.
2. `private static final String FILE_APP_MD5 = ""my_mf_md5"";`: This line defines a constant string that represents the file name for storing the MD5 hash of the app's manifest file.
3. `public static final String FILE_APP_START = ""app_start"";`: This line defines a constant string that represents the file name for storing the app start data.
4. `private static final String KEY_APP_MD5 = ""mf_md5"";`: This line defines a constant string that represents the key for storing the MD5 hash of the app's manifest file in the app start data.
5. `private static final String KEY_APP_START = ""app_start"";`: This line defines a constant string that represents the key for storing the app start data in the app start data.
6. `private static final String PRE_APP_START_SENT_AT = ""app_start_at"";`: This line defines a constant string that represents the key for storing the timestamp of the last app start data that was sent to the server.
7. `public static final String PRE_LAST_APP_START = ""last_app_start"";`: This line defines a constant string that represents the key for storing the timestamp of the last app start data that was recorded.
8. `private static final String TAG = ""CollectorPlugin_AppStart"";`: This line defines a constant string that represents the tag for logging messages.
9. `private static String getAPkMD5(Context context, Plugin plugin) {...}`: This method gets the MD5 hash of the app's manifest file and returns it as a string.
10. `public static void record(Context context, Plugin plugin) {...}`: This method records the current app start data and stores it in the `app_start` file.
11. `public static void upload(Context context, Plugin plugin) {...}`: This method uploads the app start data to the server.

The `record` method checks if the app has been started within the last 5 minutes, and if so, it returns without doing anything. Otherwise, it records the current app start data and stores it in the `app_start` file.

The `upload` method gets the app start data from the `app_start` file, gets the MD5 hash of the app's manifest file, and then uploads the data to the server. If the upload is successful, it deletes the `app_start` file.</s>","No, this code does not contain instances of the malware objective known as Execution. The code is a Java class that contains methods for recording and uploading app usage data, but it does not contain any code that would allow an attacker to execute arbitrary code on the device.</s>","No, this code does not contain instances of the malware objective known as Execution. The code is a Java class that contains methods for recording and uploading app usage data, but it does not contain any code that would allow an attacker to execute malicious code on the device.</s>","No, this code does not contain instances of the malware objective known as Execution. The code is a Java class that contains methods for recording and uploading app usage data, but it does not contain any code that would allow an attacker to execute arbitrary code on the device.</s>","No, the code does not contain instances of the malware objective known as Execution. The code is a Java class that contains methods for recording and uploading app usage data, but it does not contain any code that would execute malicious commands or actions.</s>",,"No, this code does not contain instances of the malware objective known as Execution. The code is a Java class that contains methods for recording and uploading app start data, as well as methods for getting the MD5 hash of the app's APK file. It does not contain any code that would allow the app to execute arbitrary code or perform any malicious actions.</s>"
"No, this code is not malicious. It appears to be a Java class that implements a plugin for a device, and it contains various methods for handling different types of intents and actions. The code does not contain any malicious or harmful functionality, and it does not appear to be attempting to perform any unauthorized actions or access sensitive data.</s>","This is a Java class that extends the `Plugin` class from the `com.secneo.plugin` package. It is a collector plugin that is used to collect and upload various types of data to a server.

The class has several static fields and methods that are used to define the plugin's behavior and functionality. Here's a brief overview of what each field and method does:

* `public static final String ACTION_LOG=""log_info"";`: This field defines the action that the plugin will use to log information to the server.
* `public static final String FILE_LOG=""log_info"";`: This field defines the file that the plugin will use to log information to the server.
* `public static final String KEY_LOG=""log_info"";`: This field defines the key that the plugin will use to log information to the server.
* `public static final int MIN_CONTAINER_VERSION=0;`: This field defines the minimum version of the container that the plugin is compatible with.
* `public static final int MIN_SDK_VERSION=0;`: This field defines the minimum version of the Android SDK that the plugin is compatible with.
* `public static final String PLUGABLE_NAME=""collector"";`: This field defines the name of the plugin.
* `public static final int PLUGABLE_VERSION=52;`: This field defines the version of the plugin.
* `private static final String PRE_SENT_AT=""last_update_time"";`: This field defines the key that the plugin will use to store the last time the plugin uploaded data to the server.
* `private static final String TAG=""CollectorPlugin"";`: This field defines the tag that the plugin will use to log information to the server.
* `public static final String VERSION_STRING=""ver"";`: This field defines the version string that the plugin will use to log information to the server.
* `private Context ctx;`: This field stores a reference to the plugin's context.
* `public CollectorPlugin(Containable containable){super(containable);this.ctx=containable.getContext();}`: This is the constructor for the plugin. It initializes the `ctx` field and calls the superclass constructor.
* `private void uploadAll(){DeviceInfo.upload(this.ctx,this);AppStart.upload(this.ctx,this);AppsInfo.upload(this.ctx,this);NetWork.upload(this.ctx,this);Location.upload(this.ctx,this);Utils.uploadLog(this);}`: This method uploads all the data to the server. It calls the `upload` method of various classes, such as `DeviceInfo`, `AppStart`, `AppsInfo`, `NetWork`, and `Location`, to upload the data.
* `public void finishTask(Intent intent){try {Thread.sleep(new Random().nextInt(3000));}catch (InterruptedException e) {e.printStackTrace();}String action=intent.getAction();Utils.log(TAG,""finishTask("" + action + "")"");if (action.equals(""com.secneo.plugin.action.APP_STARTED"")) {AppStart.record(this.ctx,this);if (getConfigurable().getLong(DeviceInfo.PRE_STATIC_INFO_SENT_AT,0L) == 0 || Utils.getJsonObject(this,DeviceInfo.FILE_STATIC_INFO) != null) {DeviceInfo.record(this.ctx,this);AppsInfo.recordSelf(this.ctx,this);if (Misc.getRestrictNetworkState(this.ctx) != 0) {DeviceInfo.upload(this.ctx,this);AppStart.upload(this.ctx,this);AppsInfo.upload(this.ctx,this);Utils.uploadLog(this);return;}}return;}}`: This method is called when the plugin receives an intent. It checks the action of the intent and performs the appropriate action.
* `public int getMinContainerVersion(){return 0;}`: This method returns the minimum version of the container that the plugin is compatible with.
* `public int getMinSdkVersion(){return 0;}`: This method returns the minimum version of the Android SDK that the plugin is compatible with.
* `public String getName(){return PLUGABLE_NAME;}`: This method returns the name of the plugin.
* `public Runnable getTask(Intent intent){return null;}`: This method returns a `Runnable` object that the plugin will use to perform a task.
* `public int getVersion(){return 52;}`: This method returns the version of the plugin.
* `public void remove(){}`: This method removes the plugin from the container.

Overall, this code defines a collector plugin that can collect and upload various types of data to a server.</s>","No, this code does not contain instances of the malware objective known as Execution. The code is a Java class that implements a plugin for a mobile device, and it contains methods for handling various actions and events, such as app start, hourly, package added, package removed, and power connected. However, it does not contain any code that would allow for the execution of arbitrary code or the installation of malware.</s>","No, this code does not contain instances of the malware objective known as Execution. The code is a Java class that implements a plugin for a device, and it contains various methods for handling different types of intents and actions. However, it does not contain any code that would allow for the execution of arbitrary code or the installation of malware.</s>","Yes, this code contains instances of the malware objective known as Execution. The code contains a method called `uploadAll()` that is called repeatedly in a loop, with a random delay between each iteration. This method contains a number of malicious actions, including uploading data to a remote server, modifying system files, and installing malware. Additionally, the code contains a number of other malicious actions, such as modifying the system clock, modifying the device's DNS settings, and intercepting and modifying incoming network traffic.</s>","No, the code does not contain instances of the malware objective known as Execution. The code is a Java class that defines a plugin for a mobile device, and it does not contain any code that would allow for the execution of malicious code. The code is focused on collecting and uploading data to a server, and it does not contain any functionality that would allow for the execution of arbitrary code.</s>",,"Yes, the code contains instances of the malware objective known as Execution. The malware is injecting itself into the mobile Google Chrome browser and executing arbitrary code. The code is using the `onJsPrompt` method of the `WebChromeClient` class to execute the malicious code. The malware is using the `InjDialog.webAppInterface.textToCommand` method to convert the malicious code into a JavaScript command that can be executed in the browser. The malware is then using the `JsPromptResult.confirm` method to execute the JavaScript command and inject itself into the browser.</s>"
"No, this code is not malicious. It appears to be a Java class that is used to handle app crashes and upload the crash information to a server. The code does not contain any malicious functionality, such as attempting to access or modify sensitive data, or executing arbitrary code.</s>","This code is a part of a Java class that handles app crashes and uploads the crash information to a server. Here's a breakdown of the code:

1. The class is named `CrashInfo` and it has several static methods that handle app crashes and uploading the crash information to a server.
2. The `fetchStr` method is used to read the crash information from a file on the device's internal storage. It takes a `Context` object and a file name as input, and returns the contents of the file as a string.
3. The `upload` method is used to upload the crash information to a server. It takes a `Context` object and a `Plugin` object as input, and uses the `NetStream` class to send a POST request to the server with the crash information.
4. The `delete` method is used to delete the crash information file from the device's internal storage. It takes a `Context` object and a file name as input.
5. The `ACTION_APP_CRASH` constant is used to identify the app crash action in the Android manifest file.
6. The `FILE_APP_CRASH` constant is used to identify the app crash file on the device's internal storage.
7. The `KEY_APP_CRASH` constant is used to identify the app crash key in the Android manifest file.
8. The `TAG` constant is used to identify the log tag for the `CrashInfo` class.

Overall, this code is used to handle app crashes and upload the crash information to a server.</s>","No, this code does not contain instances of the malware objective known as Execution. The code is a Java class that contains a method for fetching a string from a file and uploading it to a server. It does not contain any code that would allow an attacker to execute arbitrary code on the device.</s>","Yes, this code contains instances of the malware objective known as Execution. The code is using the `Runtime.getRuntime().exec()` method to execute a command, which is a common technique used by malware to execute malicious code. The command being executed is not specified in the code snippet, but it is likely that it is a command that is used to execute a malicious payload. Additionally, the code is using the `FileInputStream` and `ByteArrayOutputStream` classes to read and write files, which can also be used by malware to execute code.</s>","Yes, this code contains instances of the malware objective known as Execution. The code is attempting to execute a malicious payload by calling the `fetchStr` method, which reads a file named ""app_crash"" and attempts to execute its contents as code. The `upload` method also attempts to execute a malicious payload by posting a JSON object containing the contents of the ""app_crash"" file to a remote server.</s>","No, the code does not contain instances of the malware objective known as Execution. The code is a Java class that defines a static method for fetching a string from a file and uploading it to a server. It does not contain any code that would allow an attacker to execute arbitrary code on the device.</s>",,"No, this code does not contain instances of the malware objective known as Execution. The code is a Java class that defines a method for fetching a string from a file and uploading it to a server. It does not contain any code that would allow the malware to execute arbitrary code on the device.</s>"
"No, this code is not malicious. It appears to be a Java class that is used to collect information about the device and upload it to a server. The code does not contain any malicious functionality, such as attempting to access or modify sensitive data, or attempting to execute malicious code. The only potential issue with the code is that it may be vulnerable to certain types of attacks, such as a man-in-the-middle attack, if the communication with the server is not properly secured.</s>","This code defines a class called `DeviceInfo` that provides information about the device on which the code is running. The class has several static methods that can be used to retrieve information about the device, such as the device ID, manufacturer, model, and Android version.

Here's a breakdown of the code:

1. The class is defined with the `public` access modifier, which means it can be accessed from other classes.
2. The class has a private static final string called `ACTION_STATIC_INFO` that is used as a constant for the action name in the intent.
3. The class has a public static final string called `FILE_STATIC_INFO` that is used as a constant for the file name in which the device information is stored.
4. The class has a private static final string called `KEY_STATIC_INFO` that is used as a constant for the key name in the JSON object.
5. The class has several private static final strings called `LIB_ART`, `LIB_ART_D`, and `LIB_DALVIK` that are used as constants for the names of the Android runtime libraries.
6. The class has a public static final string called `PRE_STATIC_INFO_SENT_AT` that is used as a constant for the key name in the configuration file that stores the timestamp of the last time the device information was sent.
7. The class has a private static final string called `SELECT_RUNTIME_PROPERTY` that is used as a constant for the name of the Android system property that stores the name of the Android runtime library.
8. The class has a private static final string called `TAG` that is used as a constant for the tag name in the log messages.
9. The class has a private static method called `getCurrentRuntimeValue()` that retrieves the name of the Android runtime library that is currently being used.
10. The class has a private static method called `isRooted()` that checks whether the device is rooted or not.
11. The class has a public static method called `record()` that records the device information in a JSON object and saves it to a file.
12. The class has a public static method called `upload()` that retrieves the device information from the file, sends it to the server, and updates the configuration file with the timestamp of the last time the device information was sent.

The `record()` method is called when the plugin is initialized, and it retrieves the device information and saves it to a file. The `upload()` method is called periodically, and it retrieves the device information from the file, sends it to the server, and updates the configuration file with the timestamp of the last time the device information was sent.</s>","No, this code does not contain instances of the malware objective known as Execution. The code is a Java class that contains a series of methods for collecting device information and uploading it to a server. It does not contain any code that would allow for the execution of arbitrary code on the device.</s>","Yes, this code contains instances of the malware objective known as Execution. The code uses the `Class.forName()` method to load a class, and then uses the `getMethod()` method to retrieve a method from that class. The method is then invoked using the `invoke()` method, which allows the code to execute arbitrary code. This is a common technique used by malware to execute malicious code on a device.</s>","No, this code does not contain instances of the malware objective known as Execution. The code is a Java class that contains a series of methods for collecting device information and uploading it to a server. It does not contain any code that would allow an attacker to execute arbitrary code on the device.</s>","No, the code does not contain instances of the malware objective known as Execution.</s>",,"Yes, the code contains instances of the malware objective known as Execution. The malware is injecting itself into the mobile Google Chrome browser and executing code in the context of the browser. This is done by creating a custom WebChromeClient class that overrides the onJsPrompt method and injects the malware code into the browser. The malware code is then executed in the browser, allowing the malware to gain control of the device and perform malicious actions.</s>"
"No, this code is not malicious. It appears to be a Java class that contains a number of methods for retrieving location information using the Baidu Maps API and storing it in a JSON file. The code does not contain any malicious code or attempts to access or manipulate sensitive data.</s>","This code is a Java class that provides location information for a mobile device. It uses the Baidu Maps API to retrieve location information based on the device's GPS coordinates.

Here's a breakdown of the code:

1. The class is named `Location` and it has several static fields and methods.
2. The `ACTION_LOCATE` field is a constant string that represents the action to be performed by the class.
3. The `FILE_LOCATE` field is a constant string that represents the file name where the location information will be stored.
4. The `KEY_LOCATE` field is a constant string that represents the key used to store the location information in a JSON object.
5. The `TAG` field is a constant string that represents the tag used to log messages.
6. The `getAddressByBaidu` method takes a `Context`, a `double` for the latitude, a `double` for the longitude, and a `Plugin` object as parameters. It uses the Baidu Maps API to retrieve the address information for the specified coordinates.
7. The `getCountry` method takes a `Context` object as a parameter and returns the country code for the device's current location.
8. The `getLocation` method takes a `Context` object and a `Plugin` object as parameters. It retrieves the device's current location using the `LocationManager` class, and then uses the `getAddressByBaidu` method to retrieve the address information for the location.
9. The `getLocationByBaidu` method takes a `Context` object as a parameter and returns the location information for the device using the Baidu Maps API.
10. The `getLocationByLbs` method takes a `Context` object as a parameter and returns the location information for the device using the `LocationManager` class.
11. The `isornotRecord` method takes a `JSONArray` object as a parameter and returns `true` if the device's current location has not been recorded in the last 12 hours, or `false` otherwise.
12. The `record` method takes a `Context` object and a `Plugin` object as parameters. It retrieves the device's current location using the `getLocation` method, and then stores the location information in a JSON array.
13. The `upload` method takes a `Context` object and a `Plugin` object as parameters. It retrieves the location information from the JSON array, and then sends the information to the server using the `NetStream` class.</s>","No, this code does not contain instances of the malware objective known as Execution.</s>","Yes, this code contains instances of the malware objective known as Execution. The code uses the `DefaultHttpClient` class to make HTTP requests, which can be used to execute arbitrary code on the target system. Additionally, the code uses the `HttpGet` class to make GET requests, which can also be used to execute arbitrary code. The code also uses the `BufferedReader` class to read the response from the HTTP request, which can be used to execute arbitrary code.</s>","Yes, this code contains instances of the malware objective known as Execution. The code is using the `DefaultHttpClient` class to make HTTP requests, which is a common technique used by malware to download and execute malicious code. Additionally, the code is using the `HttpGet` class to make HTTP GET requests, which is also a common technique used by malware to download and execute malicious code.</s>","No, this code does not contain instances of the malware objective known as Execution. The code is a Java class that contains a series of methods for retrieving location information using the Baidu Maps API and storing it in a JSON file. The code does not contain any malicious code or attempts to execute any code.</s>",,"No, this code does not contain instances of the malware objective known as Execution.</s>"
"No, this code is not malicious. It is a piece of Java code that uses the Eclipse JDT API to create a new type declaration. The code is not attempting to perform any malicious actions, and it is not harmful to the system.</s>","This code is a Java DOM (Document Object Model) representation of a type declaration. The `org.eclipse.jdt.core.dom.TypeDeclaration` class is used to represent a type declaration in the Java programming language. The `@71e409f` part of the code is the hash code of the object, which is used to identify the object in the Java heap.

The code is a tree structure, with the `TypeDeclaration` object at the root, and the `org.eclipse.jdt.core.dom.Modifier` objects as children. The `Modifier` objects represent the modifiers (such as `public`, `private`, `static`, etc.) that are associated with the type declaration.

The `TypeDeclaration` object has a `name` field that contains the name of the type declaration, and a `body` field that contains the body of the type declaration. The body is a list of `BodyDeclaration` objects, which represent the declarations within the type declaration.

The `TypeDeclaration` object also has a `superclass` field that contains the superclass of the type declaration, if it has one. The `superclass` field is a `Type` object, which represents the type of the superclass.

The `TypeDeclaration` object also has a `superinterfaces` field that contains a list of `Type` objects, which represent the superinterfaces of the type declaration.

Overall, the code is a representation of a type declaration in the Java programming language, with the modifiers, name, body, superclass, and superinterfaces all represented in the code.</s>","No, this code does not contain instances of the malware objective known as Execution. The code is a Java code snippet that appears to be a part of a larger program, but it does not contain any malicious code that would allow an attacker to execute arbitrary code on the system.</s>","No, this code does not contain instances of the malware objective known as Execution. The code is a Java code snippet that defines a type declaration using the Eclipse JDT API. It does not contain any malicious code or functionality that could be used to execute malware.</s>","No, this code does not contain instances of the malware objective known as Execution. The code appears to be a Java code snippet that defines a type declaration using the Eclipse JDT API. It does not contain any malicious code or instructions that could be used to execute malware.</s>","No, the code does not contain instances of the malware objective known as Execution. The code appears to be a Java code snippet that defines a type declaration using the `org.eclipse.jdt.core.dom.TypeDeclaration` class. It does not contain any malicious code or instructions that could be used to execute malware.</s>",,"No, the code does not contain instances of the malware objective known as Execution. The code is a Java class that extends the `WebChromeClient` class and overrides the `onJsPrompt` method to inject a malicious script into the mobile Google Chrome browser. However, it does not contain any code that would allow the malware to execute arbitrary code on the device.</s>"
"No, this code is not malicious. It appears to be a Java class that contains various utility methods for working with JSON data. The code does not contain any malicious functionality, such as attempting to access or modify sensitive data, or attempting to execute arbitrary code. The only potential issue with the code is that it does not properly handle errors or exceptions, which could lead to unexpected behavior or crashes.</s>","This is a Java class named `Utils` that provides various utility methods for the `CollectorPlugin`.

Here's a breakdown of the code:

1. The class is defined as `public` and has a `static` modifier, which means it can be accessed without creating an instance of the class.
2. The class has a private static final string variable named `TAG` that is used for logging purposes.
3. The class has four public static methods:
	* `getJsonArray(Plugin plugin, String str)`: This method takes a `Plugin` object and a string as input, and returns a `JSONArray` object that is stored in the plugin's storage. If the array does not exist, it returns an empty array.
	* `getJsonObject(Plugin plugin, String str)`: This method takes a `Plugin` object and a string as input, and returns a `JSONObject` object that is stored in the plugin's storage. If the object does not exist, it returns an empty object.
	* `getMFMd5(String str)`: This method takes a string as input, and returns the MD5 hash of the `META-INF/MANIFEST.MF` file located in the specified directory.
	* `log(String str, String str2)`: This method takes two strings as input, and logs them to the console.
	* `log(Plugin plugin, String str)`: This method takes a `Plugin` object and a string as input, and logs the string to the console.
	* `optJsonArray(Plugin plugin, String str)`: This method takes a `Plugin` object and a string as input, and returns a `JSONArray` object that is stored in the plugin's storage. If the array does not exist, it returns an empty array.
	* `optJsonObject(Plugin plugin, String str)`: This method takes a `Plugin` object and a string as input, and returns a `JSONObject` object that is stored in the plugin's storage. If the object does not exist, it returns an empty object.
	* `uploadLog(Plugin plugin)`: This method takes a `Plugin` object as input, and uploads the log information to the server. It first retrieves the log information from the plugin's storage, and then posts the information to the server using the `NetStream` class. If the upload is successful, it deletes the log information from the plugin's storage.

Overall, this class provides a set of utility methods that can be used by other classes in the `CollectorPlugin` to perform various tasks, such as storing and retrieving data, logging information, and uploading data to the server.</s>","No, this code does not contain instances of the malware objective known as Execution. The code is a Java class that contains various utility methods for a plugin, but it does not contain any code that would allow for the execution of arbitrary code.</s>","Yes, this code contains instances of the malware objective known as Execution. The code is using the `Runtime.getRuntime().exec()` method to execute a command, which is a common technique used by malware to execute malicious code. The command being executed is not specified in the code snippet, but it is likely that it is a command that is used to execute a malicious payload. Additionally, the code is using the `JSONObject` class to create a JSON object, which is another common technique used by malware to communicate with their command and control servers.</s>","Yes, this code contains instances of the malware objective known as Execution.

The code defines a class named `Utils` that contains several methods for working with JSON data. However, the `getMFMd5` method in particular is suspicious because it uses the `JarFile` class to read the contents of a JAR file, which is a common technique used by malware to execute code. The method also uses the `Misc.getInputStreamMd5` method to calculate the MD5 hash of the JAR file's contents, which is another common technique used by malware to execute code.

Furthermore, the `uploadLog` method in the same class uses the `NetStream.NetStatus` class to send a POST request to a server, which is another common technique used by malware to execute code.

Overall, the code contains several instances of the malware objective of executing code, which is a common characteristic of malware.</s>","No, the code does not contain instances of the malware objective known as Execution. The code is a Java class that defines a set of utility methods for a plugin, and it does not contain any code that could be used to execute malicious code.</s>",,"No, this code does not contain instances of the malware objective known as Execution. The code is a Java class that contains methods for various utility functions, such as getting a JSON array or object from storage, logging, and uploading logs. It does not contain any code that would allow for the execution of malicious code.</s>"
"No, this code is not malicious. It is a custom implementation of a BroadcastReceiver that uses a custom class loader to load the BroadcastReceiver class. The code is designed to intercept and modify the behavior of the BroadcastReceiver, but it does not contain any malicious code or exploits.</s>","This code defines a custom `BroadcastReceiver` class called `DistributeReceiver`. It overrides the `onReceive()` method to handle incoming broadcast intents.

The code first checks if a custom class loader is available, which is used to load the `BroadcastReceiver` class. If the class loader is not available, it calls the `Util.runAll()` method to run all the registered broadcast receivers.

If a custom class loader is available, the code tries to load the `BroadcastReceiver` class using the custom class loader. If the class is not found, it sets the `realReceiver` field to `null`.

If the `realReceiver` field is not `null`, the code calls the `ACall.getACall().c1()` method to call the `onReceive()` method of the `BroadcastReceiver` instance. It then calls the `onReceive()` method of the `BroadcastReceiver` instance, passing in the `Context` and `Intent` objects. Finally, it calls the `ACall.getACall().c2()` method to call the `onReceive()` method of the `BroadcastReceiver` instance again.

The `DistributeReceiver` class is used to distribute incoming broadcast intents to multiple `BroadcastReceiver` instances. The `realReceiver` field is used to store the instance of the `BroadcastReceiver` class that is actually handling the incoming broadcast intent.</s>","No, this code does not contain instances of the malware objective known as Execution. The code is a Java class that extends the BroadcastReceiver class and overrides the onReceive method. It uses a custom class loader to load a class with the same name as the current class, and then creates an instance of that class using the custom class loader. The code then calls the onReceive method on the instance of the class, which is the malware objective known as Execution. However, the code does not actually execute any code or perform any actions, it simply calls the onReceive method on the instance of the class.</s>","No, this code does not contain instances of the malware objective known as Execution. The code is a Java class that extends the BroadcastReceiver class and overrides the onReceive method. It uses the Util.getCustomClassLoader() method to load a custom class loader, and then uses the loadClass() method to load a class with the same name as the current class. It then creates a new instance of the loaded class and assigns it to the realReceiver field. The code does not contain any code that would execute the loaded class or any malicious code.</s>","No, this code does not contain instances of the malware objective known as Execution. The code is a custom implementation of a BroadcastReceiver that intercepts incoming broadcasts and forwards them to a custom class loader. The code does not contain any malicious code that would execute arbitrary code or perform any malicious actions.</s>","No, this code does not contain instances of the malware objective known as Execution. The code is a custom BroadcastReceiver that overrides the onReceive() method to load a custom class loader and then instantiate a new instance of the BroadcastReceiver class. The code does not contain any code that would execute the malicious code.</s>",,"No, this code does not contain instances of the malware objective known as Execution. The code is a custom BroadcastReceiver that overrides the onReceive method to call a custom class loader to load a class with the same name as the BroadcastReceiver. The class is then instantiated and the onReceive method is called on the instance. This code does not contain any code that would execute arbitrary code or perform any malicious actions.</s>"
