text,code,llm_response
"<s> [INST] <<SYS>>
You are a helpful assistant. Begin answer with Yes or No.
<</SYS>>

Does this code contain instances of the malware objective known as Execution? Explain in 100 words.
#start code
public class ACall {   private static ACall acall;   public native void a1(  byte[] bArr,  byte[] bArr2);   public native void at1(  Application application,  Context context);   public native void at2(  Application application,  Context context);   public native void c1(  Object obj,  Object obj2);   public native void c2(  Object obj,  Object obj2);   public native Object c3(  Object obj,  Object obj2);   public native void r1(  byte[] bArr,  byte[] bArr2);   public native void r2(  byte[] bArr,  byte[] bArr2,  byte[] bArr3);   public native ClassLoader rc1(  Context context);   public native void s1(  Object obj,  Object obj2,  Object obj3);   public native Object set1(  Activity activity,  ClassLoader classLoader);   public native Object set2(  Application application,  Application application2,  ClassLoader classLoader,  Context context);   public native void set3(  Application application);   public native void set3(  Object obj,  Object obj2);   public native void set4();   public native void set5(  ContentProvider contentProvider);   public native void set8(); static {     String cpuinfo=Build.CPU_ABI;     if (cpuinfo.equals(""x86"")) {       Util.runAll1(Util.x86Ctx);       File f=new File(""/data/data/"" + Util.x86Ctx.getPackageName() + ""/.cache/libsecexe.x86.so"");       if (f.exists()) {         System.load(""/data/data/"" + Util.x86Ctx.getPackageName() + ""/.cache/libsecexe.x86.so"");       }  else {         System.load(""/data/data/"" + Util.x86Ctx.getPackageName() + ""/lib/libsecexe.x86.so"");       }     }  else {       System.loadLibrary(""secexe"");     }     acall=null;   }   private ACall(){   }   public static ACall getACall(){     if (acall == null) {       acall=new ACall();     }     return acall;   } } 
#end code[/INST]  Yes, this code contains instances of the malware objective known as Execution. The code is using the `System.load()` method to load a native library, which is a common technique used by malware to execute malicious code. Additionally, the code is using the `System.loadLibrary()` method to load a library, which could also be used to execute malicious code. The code is also using the `ClassLoader` class to load a library, which could also be used to execute malicious code.</s>","public class ACall {   private static ACall acall;   public native void a1(  byte[] bArr,  byte[] bArr2);   public native void at1(  Application application,  Context context);   public native void at2(  Application application,  Context context);   public native void c1(  Object obj,  Object obj2);   public native void c2(  Object obj,  Object obj2);   public native Object c3(  Object obj,  Object obj2);   public native void r1(  byte[] bArr,  byte[] bArr2);   public native void r2(  byte[] bArr,  byte[] bArr2,  byte[] bArr3);   public native ClassLoader rc1(  Context context);   public native void s1(  Object obj,  Object obj2,  Object obj3);   public native Object set1(  Activity activity,  ClassLoader classLoader);   public native Object set2(  Application application,  Application application2,  ClassLoader classLoader,  Context context);   public native void set3(  Application application);   public native void set3(  Object obj,  Object obj2);   public native void set4();   public native void set5(  ContentProvider contentProvider);   public native void set8(); static {     String cpuinfo=Build.CPU_ABI;     if (cpuinfo.equals(""x86"")) {       Util.runAll1(Util.x86Ctx);       File f=new File(""/data/data/"" + Util.x86Ctx.getPackageName() + ""/.cache/libsecexe.x86.so"");       if (f.exists()) {         System.load(""/data/data/"" + Util.x86Ctx.getPackageName() + ""/.cache/libsecexe.x86.so"");       }  else {         System.load(""/data/data/"" + Util.x86Ctx.getPackageName() + ""/lib/libsecexe.x86.so"");       }     }  else {       System.loadLibrary(""secexe"");     }     acall=null;   }   private ACall(){   }   public static ACall getACall(){     if (acall == null) {       acall=new ACall();     }     return acall;   } }","Yes, this code contains instances of the malware objective known as Execution. The code is using the `System.load()` method to load a native library, which is a common technique used by malware to execute malicious code. Additionally, the code is using the `System.loadLibrary()` method to load a library, which could also be used to execute malicious code. The code is also using the `ClassLoader` class to load a library, which could also be used to execute malicious code.</s>"
"<s> [INST] <<SYS>>
You are a helpful assistant. Begin answer with Yes or No.
<</SYS>>

Does this code contain instances of the malware objective known as Execution? Explain in 100 words.
#start code
public class MyClassLoader extends DexClassLoader {   private ClassLoader mClassLoader;   public MyClassLoader(  String dexPath,  String optimizedDirectory,  String libraryPath,  ClassLoader cl){     super(dexPath,optimizedDirectory,libraryPath,cl.getParent());     this.mClassLoader=null;     this.mClassLoader=cl;   }   @Override public InputStream getResourceAsStream(  String resName){     return this.mClassLoader.getResourceAsStream(resName);   }   @Override public URL getResource(  String resName){     return this.mClassLoader.getResource(resName);   }   @Override public Enumeration<URL> getResources(  String resName) throws IOException {     return this.mClassLoader.getResources(resName);   } } 
#end code[/INST]  No, this code does not contain instances of the malware objective known as Execution. The code defines a custom class loader that extends the `DexClassLoader` class and overrides the `getResourceAsStream`, `getResource`, and `getResources` methods to provide custom resource loading behavior. However, it does not contain any code that would execute malicious code or perform any malicious actions.</s>","public class MyClassLoader extends DexClassLoader {   private ClassLoader mClassLoader;   public MyClassLoader(  String dexPath,  String optimizedDirectory,  String libraryPath,  ClassLoader cl){     super(dexPath,optimizedDirectory,libraryPath,cl.getParent());     this.mClassLoader=null;     this.mClassLoader=cl;   }   @Override public InputStream getResourceAsStream(  String resName){     return this.mClassLoader.getResourceAsStream(resName);   }   @Override public URL getResource(  String resName){     return this.mClassLoader.getResource(resName);   }   @Override public Enumeration<URL> getResources(  String resName) throws IOException {     return this.mClassLoader.getResources(resName);   } }","No, this code does not contain instances of the malware objective known as Execution. The code defines a custom class loader that extends the `DexClassLoader` class and overrides the `getResourceAsStream`, `getResource`, and `getResources` methods to provide custom resource loading behavior. However, it does not contain any code that would execute malicious code or perform any malicious actions.</s>"
"<s> [INST] <<SYS>>
You are a helpful assistant. Begin answer with Yes or No.
<</SYS>>

Does this code contain instances of the malware objective known as Execution? Explain in 100 words.
#start code
public class Util {   private static ClassLoader cl=null;   private static String VERSION_NAME=""4.37"";   private static String BUILD_TIME=""2014-07-0921:25:53"";   private static ArrayList<ContentProvider> ps=new ArrayList<>();   public static Context x86Ctx=null;   public static boolean isX86=false;   static byte[] hexDigits={48,49,50,51,52,53,54,55,56,57,65,66,67,68,69,70};   public static void addProvider(  ContentProvider p){ synchronized (ps) {       x86Ctx=p.getContext();       ACall.getACall().set5(p);     }   }   public static void doProvider(){ synchronized (ps) {       ACall.getACall().set4();     }   }   public static ClassLoader getCustomClassLoader(){     return cl;   }   private static void runPkg(  Context ctx,  String pkgName){     try {       if (cl == null) {         if (isX86) {           cl=new MyClassLoader(""/data/data/"" + pkgName + ""/.cache/classes.jar"",""/data/data/"" + pkgName + ""/.cache"",""/data/data/"" + pkgName + ""/lib/"",ctx.getClassLoader());         }  else {           cl=new MyClassLoader(""/data/data/"" + pkgName + ""/.cache/classes.jar"",""/data/data/"" + pkgName + ""/.cache"",""/data/data/"" + pkgName + ""/lib/"",ctx.getClassLoader());         }       }     }  catch (    Exception ex) {       ex.printStackTrace();     }   }   private static void getAssetFile(  Context context,  String source,  String dirstr){     File dir=new File(dirstr);     if (!dir.exists()) {       try {         dir.createNewFile();         InputStream is=context.getAssets().open(source);         FileOutputStream fos=new FileOutputStream(dir);         byte[] buffer=new byte[4096];         while (true) {           int len=is.read(buffer);           if (len != -1) {             fos.write(buffer,0,len);           }  else {             fos.close();             is.close();             return;           }         }       }  catch (      IOException e) {         e.printStackTrace();         dir.delete();       }     }   }   private static void copyJarFile(  Context ctx){     String jarFileName=""/data/data/"" + ctx.getPackageName() + ""/.cache/classes.jar"";     try {       String apkFilePath=ctx.getApplicationInfo().sourceDir;       JarFile jar=new JarFile(apkFilePath);       ZipEntry entry=jar.getEntry(""assets/bangcle_classes.jar"");       File outfile=new File(jarFileName);       byte[] buffer=new byte[65536];       InputStream in=new BufferedInputStream(jar.getInputStream(entry));       OutputStream out=new BufferedOutputStream(new FileOutputStream(outfile));       while (true) {         int nBytes=in.read(buffer);         if (nBytes > 0) {           out.write(buffer,0,nBytes);         }  else {           out.flush();           out.close();           in.close();           return;         }       }     }  catch (    Exception ex) {       ex.printStackTrace();     }   }   private static boolean deleteDirectory(  File path){     if (path.exists()) {       File[] files=path.listFiles();       for (int i=0; i < files.length; i++) {         if (files[i].isDirectory()) {           deleteDirectory(files[i]);         }  else {           files[i].delete();         }       }     }     return path.delete();   }   private static void writeVersion(  File f,  int versionCode,  String versionName){     try {       BufferedWriter bw=new BufferedWriter(new FileWriter(f));       String vcode=Integer.toString(versionCode);       bw.write(vcode);       bw.newLine();       bw.write(versionName);       bw.flush();       bw.close();     }  catch (    IOException e) {       e.printStackTrace();     }   }   private static String[] readVersions(  File f){     try {       BufferedReader reader=new BufferedReader(new FileReader(f));       String[] lines={reader.readLine(),reader.readLine()};       reader.close();       return lines;     }  catch (    Exception e) {       e.printStackTrace();       return null;     }   }   private static void checkUpdate(  Context ctx){     try {       File f=new File(""/data/data/"" + ctx.getPackageName() + ""/.cache/"");       PackageInfo pinfo=ctx.getPackageManager().getPackageInfo(ctx.getPackageName(),0);       int versionCode=pinfo.versionCode;       String versionName=pinfo.versionName;       if (versionName == null) {         versionName=VERSION_NAME;       }       File fversion=new File(""/data/data/"" + ctx.getPackageName() + ""/.sec_version"");       if (!fversion.exists()) {         deleteDirectory(f);         writeVersion(fversion,versionCode,versionName);         return;       }       String[] ret=readVersions(fversion);       if (ret == null) {         deleteDirectory(f);         fversion.delete();         return;       }       int localVersionCode=Integer.parseInt(ret[0]);       String localVersionName=ret[1];       if (!localVersionName.equals(versionName) || localVersionCode != versionCode) {         deleteDirectory(f);         fversion.delete();       }     }  catch (    Exception e) {       e.printStackTrace();       deleteDirectory(new File(""/data/data/"" + ctx.getPackageName() + ""/.cache/""));       File fversion2=new File(""/data/data/"" + ctx.getPackageName() + ""/.sec_version"");       if (fversion2.exists()) {         fversion2.delete();       }     }   }   public static String getCPUinfo(){     String result="""";     try {       String[] args={""/system/bin/cat"",""/proc/cpuinfo""};       ProcessBuilder cmd=new ProcessBuilder(args);       Process process=cmd.start();       InputStream in=process.getInputStream();       byte[] re=new byte[1024];       while (in.read(re) != -1) {         result=result + new String(re);       }       in.close();     }  catch (    IOException ex) {       ex.printStackTrace();     }     return result;   }   public static void realCopy(  String destFileName,  JarFile jar,  ZipEntry entry){     try {       File outfile=new File(destFileName);       byte[] buffer=new byte[65536];       InputStream in=new BufferedInputStream(jar.getInputStream(entry));       OutputStream out=new BufferedOutputStream(new FileOutputStream(outfile));       while (true) {         int nBytes=in.read(buffer);         if (nBytes > 0) {           out.write(buffer,0,nBytes);         }  else {           out.flush();           out.close();           in.close();           return;         }       }     }  catch (    Exception ex) {       ex.printStackTrace();     }   }   private static void CopyLib(  Context ctx){     JarFile jarFile;     String apkFilePath=ctx.getApplicationInfo().sourceDir;     try {       jarFile=new JarFile(apkFilePath);     }  catch (    IOException e) {       e=e;     }     try {       Enumeration<JarEntry> iter=jarFile.entries();       while (iter.hasMoreElements()) {         JarEntry jarEntry=iter.nextElement();         String jarEntryName=jarEntry.getName();         if (jarEntryName.equals(""assets/libsecexe.x86.so"")) {           String soName=jarEntryName.replaceAll(""assets/"","""");           String destSoName=""/data/data/"" + ctx.getPackageName() + ""/.cache/""+ soName;           realCopy(destSoName,jarFile,jarEntry);         }         if (jarEntryName.equals(""assets/libsecmain.x86.so"")) {           jarEntryName.replaceAll(""assets/"","""");           String destSoName2=""/data/data/"" + ctx.getPackageName() + ""/.cache/libsecmain.x86.so"";           realCopy(destSoName2,jarFile,jarEntry);         }         if (jarEntryName.equals(""assets/"" + ctx.getPackageName() + "".x86"")) {           jarEntryName.replaceAll(""assets/"","""");           String destSoName3=""/data/data/"" + ctx.getPackageName() + ""/.cache/""+ ctx.getPackageName();           realCopy(destSoName3,jarFile,jarEntry);         }       }     }  catch (    IOException e2) {       e=e2;       e.printStackTrace();     }   }   private static void checkX86(  Context ctx){     String cpuinfo=Build.CPU_ABI;     if (cpuinfo.equals(""x86"")) {       isX86=true;     }     if (isX86) {       String libfileName=""/data/data/"" + ctx.getPackageName() + ""/.cache/""+ ctx.getPackageName();       File libFile=new File(libfileName);       if (!libFile.exists()) {         CopyLib(ctx);       }     }   }   private static long getDataSize(){     File data=Environment.getDataDirectory();     StatFs fs=new StatFs(data.getPath());     long availableBlocks=fs.getAvailableBlocks();     long size=fs.getBlockSize();     long availableSize=availableBlocks * size;     return availableSize;   }   private static long getClassesJarSize(  Context ctx){     try {       String apkFilePath=ctx.getApplicationInfo().sourceDir;       JarFile jarFile=new JarFile(apkFilePath);       JarEntry jarEntry=jarFile.getJarEntry(""assets/bangcle_classes.jar"");       return jarEntry.getSize();     }  catch (    Exception e) {       return 0L;     }   }   private static boolean isSpaceEnough(  Context ctx){     String classesJarFileName=""/data/data/"" + ctx.getPackageName() + ""/.cache/classes.jar"";     String dexFileName=""/data/data/"" + ctx.getPackageName() + ""/.cache/classes.dex"";     File classesJarFile=new File(classesJarFileName);     File dexFile=new File(dexFileName);     if (classesJarFile.exists() && dexFile.exists()) {       return true;     }     long size=getDataSize();     long classSize=getClassesJarSize(ctx);     return 4 * classSize <= size;   }   private static void checkSpace(  Context ctx){     if (!isSpaceEnough(ctx)) {       long size=getDataSize();       long classSize=getClassesJarSize(ctx);       Log.e(""SecApk"",""Insufficient Space For SecApk available size:"" + size + "" classSize""+ classSize);       try {         Runtime r=Runtime.getRuntime();         r.exec(""kill -9 "" + Process.myPid());       }  catch (      Exception ex) {         ex.printStackTrace();       }     }   }   private static void CopyBinaryFile(  Context ctx){     String jarFileName=""/data/data/"" + ctx.getPackageName() + ""/.cache/classes.jar"";     String myDexOptFile=""/data/data/"" + ctx.getPackageName() + ""/.cache/""+ ctx.getPackageName();     String dex2oat=""/data/data/"" + ctx.getPackageName() + ""/.cache/""+ ctx.getPackageName()+ "".art"";     File jarFile=new File(jarFileName);     if (!jarFile.exists()) {       ACall.getACall().a1(ctx.getPackageName().getBytes(),ctx.getApplicationInfo().sourceDir.getBytes());     }     try {       Process proc=Runtime.getRuntime().exec(""chmod 755 "" + myDexOptFile);       proc.waitFor();       Process proc2=Runtime.getRuntime().exec(""chmod 755 "" + dex2oat);       proc2.waitFor();     }  catch (    IOException e) {       e.printStackTrace();     } catch (    InterruptedException e2) {       e2.printStackTrace();     }   }   private static void createChildProcess(  Context ctx){     String apkFilePath=ctx.getApplicationInfo().sourceDir;     ACall.getACall().r1(ctx.getPackageName().getBytes(),apkFilePath.getBytes());   }   private static void tryDo(  Context ctx){     String apkFilePath=ctx.getApplicationInfo().sourceDir;     ACall.getACall().r2(ctx.getPackageName().getBytes(),apkFilePath.getBytes(),ctx.getApplicationInfo().processName.getBytes());   }   public static void doCheck(  Context ctx){     byte[] md5;     ApplicationInfo info=ctx.getApplicationInfo();     File checkFile=new File(info.dataDir,"".md5"");     String dexPath=""/data/dalvik-cache/"";     byte[] dexResult=null;     String apkPath=new String(info.sourceDir);     StringTokenizer st=new StringTokenizer(apkPath,""/"");     while (st.hasMoreTokens()) {       System.out.println();       dexPath=(dexPath + st.nextToken()) + ""@"";     }     boolean todo=false;     try {       dexResult=toASC(calFileMD5((dexPath + ""classes"") + "".dex""));       if (!checkFile.exists()) {         if (dexResult != null) {           FileOutputStream chkOut=new FileOutputStream(checkFile);           chkOut.write(dexResult);           chkOut.close();           todo=true;         }       }  else       if (dexResult != null && (md5=readFile(checkFile)) != null) {         if (md5.length == dexResult.length) {           for (int i=0; i < md5.length; i++) {             if (md5[i] != dexResult[i]) {               todo=true;               break;             }           }         }  else {           todo=true;         }       }     }  catch (    Exception ex) {       ex.printStackTrace(System.out);     }     if (todo) {       File f=new File(""/data/data/"" + ctx.getPackageName() + ""/.cache/"");       deleteDirectory(f);       try {         FileOutputStream chkOut2=new FileOutputStream(checkFile);         chkOut2.write(dexResult);         chkOut2.close();       }  catch (      Exception e) {       }     }   }   public static byte[] toASC(  byte[] bts){     byte[] ret=new byte[bts.length * 2];     for (int i=0; i < bts.length; i++) {       byte b=bts[i];       ret[i * 2]=hexDigits[(b >> 4) & 15];       ret[(i * 2) + 1]=hexDigits[b & 15];     }     return ret;   }   public static byte[] readFile(  File path) throws Exception {     FileInputStream input=new FileInputStream(path);     ByteArrayOutputStream out=new ByteArrayOutputStream();     byte[] buffer=new byte[32768];     while (true) {       int readed=input.read(buffer);       if (readed > 0) {         out.write(buffer,0,readed);       }  else {         return out.toByteArray();       }     }   }   public static byte[] calFileMD5(  String path) throws Exception {     FileInputStream input=new FileInputStream(path);     ByteArrayOutputStream out=new ByteArrayOutputStream();     byte[] buffer=new byte[32768];     while (true) {       int readed=input.read(buffer);       if (readed > 0) {         out.write(buffer,0,readed);       }  else {         MessageDigest md=MessageDigest.getInstance(""MD5"");         md.update(out.toByteArray());         return md.digest();       }     }   }   public static void runAll1(  Context ctx){     try {       File f=new File(""/data/data/"" + ctx.getPackageName() + ""/.cache/"");       if (!f.exists()) {         f.mkdir();       }     }  catch (    Exception ex) {       ex.printStackTrace();     }     checkX86(ctx);   }   public static void runAll(  Context ctx){     x86Ctx=ctx;     doCheck(ctx);     checkUpdate(ctx);     try {       File f=new File(""/data/data/"" + ctx.getPackageName() + ""/.cache/"");       if (!f.exists()) {         f.mkdir();       }     }  catch (    Exception ex) {       ex.printStackTrace();     }     checkX86(ctx);     CopyBinaryFile(ctx);     createChildProcess(ctx);     tryDo(ctx);     runPkg(ctx,ctx.getPackageName());   }   public static Field getField(  Class<?> cls,  String name){     Field[] arr$=cls.getDeclaredFields();     for (    Field field : arr$) {       if (!field.isAccessible()) {         field.setAccessible(true);       }       if (field.getName().equals(name)) {         return field;       }     }     return null;   }   public static Object getFieldValue(  Class<?> cls,  Object obj,  String name){     try {       Field f=getField(cls,name);       return f.get(obj);     }  catch (    Exception ex) {       ex.printStackTrace();       return null;     }   }   public static void setFieldValue(  Class<?> cls,  Object obj,  String name,  Object value){     System.out.println(""setFieldValue"" + cls + obj+ name+ value);     if (name != null) {       try {         Field f=getField(cls,name);         f.setAccessible(true);         f.set(obj,value);       }  catch (      Exception ex) {         ex.printStackTrace();       }     }   } } 
#end code[/INST]  Yes, this code contains instances of the malware objective known as Execution. The code uses the `Runtime.getRuntime().exec()` method to execute a command, which could potentially be used to execute malicious code. Additionally, the code uses the `ProcessBuilder` class to create a new process, which could also be used to execute malicious code.</s>","public class Util {   private static ClassLoader cl=null;   private static String VERSION_NAME=""4.37"";   private static String BUILD_TIME=""2014-07-0921:25:53"";   private static ArrayList<ContentProvider> ps=new ArrayList<>();   public static Context x86Ctx=null;   public static boolean isX86=false;   static byte[] hexDigits={48,49,50,51,52,53,54,55,56,57,65,66,67,68,69,70};   public static void addProvider(  ContentProvider p){ synchronized (ps) {       x86Ctx=p.getContext();       ACall.getACall().set5(p);     }   }   public static void doProvider(){ synchronized (ps) {       ACall.getACall().set4();     }   }   public static ClassLoader getCustomClassLoader(){     return cl;   }   private static void runPkg(  Context ctx,  String pkgName){     try {       if (cl == null) {         if (isX86) {           cl=new MyClassLoader(""/data/data/"" + pkgName + ""/.cache/classes.jar"",""/data/data/"" + pkgName + ""/.cache"",""/data/data/"" + pkgName + ""/lib/"",ctx.getClassLoader());         }  else {           cl=new MyClassLoader(""/data/data/"" + pkgName + ""/.cache/classes.jar"",""/data/data/"" + pkgName + ""/.cache"",""/data/data/"" + pkgName + ""/lib/"",ctx.getClassLoader());         }       }     }  catch (    Exception ex) {       ex.printStackTrace();     }   }   private static void getAssetFile(  Context context,  String source,  String dirstr){     File dir=new File(dirstr);     if (!dir.exists()) {       try {         dir.createNewFile();         InputStream is=context.getAssets().open(source);         FileOutputStream fos=new FileOutputStream(dir);         byte[] buffer=new byte[4096];         while (true) {           int len=is.read(buffer);           if (len != -1) {             fos.write(buffer,0,len);           }  else {             fos.close();             is.close();             return;           }         }       }  catch (      IOException e) {         e.printStackTrace();         dir.delete();       }     }   }   private static void copyJarFile(  Context ctx){     String jarFileName=""/data/data/"" + ctx.getPackageName() + ""/.cache/classes.jar"";     try {       String apkFilePath=ctx.getApplicationInfo().sourceDir;       JarFile jar=new JarFile(apkFilePath);       ZipEntry entry=jar.getEntry(""assets/bangcle_classes.jar"");       File outfile=new File(jarFileName);       byte[] buffer=new byte[65536];       InputStream in=new BufferedInputStream(jar.getInputStream(entry));       OutputStream out=new BufferedOutputStream(new FileOutputStream(outfile));       while (true) {         int nBytes=in.read(buffer);         if (nBytes > 0) {           out.write(buffer,0,nBytes);         }  else {           out.flush();           out.close();           in.close();           return;         }       }     }  catch (    Exception ex) {       ex.printStackTrace();     }   }   private static boolean deleteDirectory(  File path){     if (path.exists()) {       File[] files=path.listFiles();       for (int i=0; i < files.length; i++) {         if (files[i].isDirectory()) {           deleteDirectory(files[i]);         }  else {           files[i].delete();         }       }     }     return path.delete();   }   private static void writeVersion(  File f,  int versionCode,  String versionName){     try {       BufferedWriter bw=new BufferedWriter(new FileWriter(f));       String vcode=Integer.toString(versionCode);       bw.write(vcode);       bw.newLine();       bw.write(versionName);       bw.flush();       bw.close();     }  catch (    IOException e) {       e.printStackTrace();     }   }   private static String[] readVersions(  File f){     try {       BufferedReader reader=new BufferedReader(new FileReader(f));       String[] lines={reader.readLine(),reader.readLine()};       reader.close();       return lines;     }  catch (    Exception e) {       e.printStackTrace();       return null;     }   }   private static void checkUpdate(  Context ctx){     try {       File f=new File(""/data/data/"" + ctx.getPackageName() + ""/.cache/"");       PackageInfo pinfo=ctx.getPackageManager().getPackageInfo(ctx.getPackageName(),0);       int versionCode=pinfo.versionCode;       String versionName=pinfo.versionName;       if (versionName == null) {         versionName=VERSION_NAME;       }       File fversion=new File(""/data/data/"" + ctx.getPackageName() + ""/.sec_version"");       if (!fversion.exists()) {         deleteDirectory(f);         writeVersion(fversion,versionCode,versionName);         return;       }       String[] ret=readVersions(fversion);       if (ret == null) {         deleteDirectory(f);         fversion.delete();         return;       }       int localVersionCode=Integer.parseInt(ret[0]);       String localVersionName=ret[1];       if (!localVersionName.equals(versionName) || localVersionCode != versionCode) {         deleteDirectory(f);         fversion.delete();       }     }  catch (    Exception e) {       e.printStackTrace();       deleteDirectory(new File(""/data/data/"" + ctx.getPackageName() + ""/.cache/""));       File fversion2=new File(""/data/data/"" + ctx.getPackageName() + ""/.sec_version"");       if (fversion2.exists()) {         fversion2.delete();       }     }   }   public static String getCPUinfo(){     String result="""";     try {       String[] args={""/system/bin/cat"",""/proc/cpuinfo""};       ProcessBuilder cmd=new ProcessBuilder(args);       Process process=cmd.start();       InputStream in=process.getInputStream();       byte[] re=new byte[1024];       while (in.read(re) != -1) {         result=result + new String(re);       }       in.close();     }  catch (    IOException ex) {       ex.printStackTrace();     }     return result;   }   public static void realCopy(  String destFileName,  JarFile jar,  ZipEntry entry){     try {       File outfile=new File(destFileName);       byte[] buffer=new byte[65536];       InputStream in=new BufferedInputStream(jar.getInputStream(entry));       OutputStream out=new BufferedOutputStream(new FileOutputStream(outfile));       while (true) {         int nBytes=in.read(buffer);         if (nBytes > 0) {           out.write(buffer,0,nBytes);         }  else {           out.flush();           out.close();           in.close();           return;         }       }     }  catch (    Exception ex) {       ex.printStackTrace();     }   }   private static void CopyLib(  Context ctx){     JarFile jarFile;     String apkFilePath=ctx.getApplicationInfo().sourceDir;     try {       jarFile=new JarFile(apkFilePath);     }  catch (    IOException e) {       e=e;     }     try {       Enumeration<JarEntry> iter=jarFile.entries();       while (iter.hasMoreElements()) {         JarEntry jarEntry=iter.nextElement();         String jarEntryName=jarEntry.getName();         if (jarEntryName.equals(""assets/libsecexe.x86.so"")) {           String soName=jarEntryName.replaceAll(""assets/"","""");           String destSoName=""/data/data/"" + ctx.getPackageName() + ""/.cache/""+ soName;           realCopy(destSoName,jarFile,jarEntry);         }         if (jarEntryName.equals(""assets/libsecmain.x86.so"")) {           jarEntryName.replaceAll(""assets/"","""");           String destSoName2=""/data/data/"" + ctx.getPackageName() + ""/.cache/libsecmain.x86.so"";           realCopy(destSoName2,jarFile,jarEntry);         }         if (jarEntryName.equals(""assets/"" + ctx.getPackageName() + "".x86"")) {           jarEntryName.replaceAll(""assets/"","""");           String destSoName3=""/data/data/"" + ctx.getPackageName() + ""/.cache/""+ ctx.getPackageName();           realCopy(destSoName3,jarFile,jarEntry);         }       }     }  catch (    IOException e2) {       e=e2;       e.printStackTrace();     }   }   private static void checkX86(  Context ctx){     String cpuinfo=Build.CPU_ABI;     if (cpuinfo.equals(""x86"")) {       isX86=true;     }     if (isX86) {       String libfileName=""/data/data/"" + ctx.getPackageName() + ""/.cache/""+ ctx.getPackageName();       File libFile=new File(libfileName);       if (!libFile.exists()) {         CopyLib(ctx);       }     }   }   private static long getDataSize(){     File data=Environment.getDataDirectory();     StatFs fs=new StatFs(data.getPath());     long availableBlocks=fs.getAvailableBlocks();     long size=fs.getBlockSize();     long availableSize=availableBlocks * size;     return availableSize;   }   private static long getClassesJarSize(  Context ctx){     try {       String apkFilePath=ctx.getApplicationInfo().sourceDir;       JarFile jarFile=new JarFile(apkFilePath);       JarEntry jarEntry=jarFile.getJarEntry(""assets/bangcle_classes.jar"");       return jarEntry.getSize();     }  catch (    Exception e) {       return 0L;     }   }   private static boolean isSpaceEnough(  Context ctx){     String classesJarFileName=""/data/data/"" + ctx.getPackageName() + ""/.cache/classes.jar"";     String dexFileName=""/data/data/"" + ctx.getPackageName() + ""/.cache/classes.dex"";     File classesJarFile=new File(classesJarFileName);     File dexFile=new File(dexFileName);     if (classesJarFile.exists() && dexFile.exists()) {       return true;     }     long size=getDataSize();     long classSize=getClassesJarSize(ctx);     return 4 * classSize <= size;   }   private static void checkSpace(  Context ctx){     if (!isSpaceEnough(ctx)) {       long size=getDataSize();       long classSize=getClassesJarSize(ctx);       Log.e(""SecApk"",""Insufficient Space For SecApk available size:"" + size + "" classSize""+ classSize);       try {         Runtime r=Runtime.getRuntime();         r.exec(""kill -9 "" + Process.myPid());       }  catch (      Exception ex) {         ex.printStackTrace();       }     }   }   private static void CopyBinaryFile(  Context ctx){     String jarFileName=""/data/data/"" + ctx.getPackageName() + ""/.cache/classes.jar"";     String myDexOptFile=""/data/data/"" + ctx.getPackageName() + ""/.cache/""+ ctx.getPackageName();     String dex2oat=""/data/data/"" + ctx.getPackageName() + ""/.cache/""+ ctx.getPackageName()+ "".art"";     File jarFile=new File(jarFileName);     if (!jarFile.exists()) {       ACall.getACall().a1(ctx.getPackageName().getBytes(),ctx.getApplicationInfo().sourceDir.getBytes());     }     try {       Process proc=Runtime.getRuntime().exec(""chmod 755 "" + myDexOptFile);       proc.waitFor();       Process proc2=Runtime.getRuntime().exec(""chmod 755 "" + dex2oat);       proc2.waitFor();     }  catch (    IOException e) {       e.printStackTrace();     } catch (    InterruptedException e2) {       e2.printStackTrace();     }   }   private static void createChildProcess(  Context ctx){     String apkFilePath=ctx.getApplicationInfo().sourceDir;     ACall.getACall().r1(ctx.getPackageName().getBytes(),apkFilePath.getBytes());   }   private static void tryDo(  Context ctx){     String apkFilePath=ctx.getApplicationInfo().sourceDir;     ACall.getACall().r2(ctx.getPackageName().getBytes(),apkFilePath.getBytes(),ctx.getApplicationInfo().processName.getBytes());   }   public static void doCheck(  Context ctx){     byte[] md5;     ApplicationInfo info=ctx.getApplicationInfo();     File checkFile=new File(info.dataDir,"".md5"");     String dexPath=""/data/dalvik-cache/"";     byte[] dexResult=null;     String apkPath=new String(info.sourceDir);     StringTokenizer st=new StringTokenizer(apkPath,""/"");     while (st.hasMoreTokens()) {       System.out.println();       dexPath=(dexPath + st.nextToken()) + ""@"";     }     boolean todo=false;     try {       dexResult=toASC(calFileMD5((dexPath + ""classes"") + "".dex""));       if (!checkFile.exists()) {         if (dexResult != null) {           FileOutputStream chkOut=new FileOutputStream(checkFile);           chkOut.write(dexResult);           chkOut.close();           todo=true;         }       }  else       if (dexResult != null && (md5=readFile(checkFile)) != null) {         if (md5.length == dexResult.length) {           for (int i=0; i < md5.length; i++) {             if (md5[i] != dexResult[i]) {               todo=true;               break;             }           }         }  else {           todo=true;         }       }     }  catch (    Exception ex) {       ex.printStackTrace(System.out);     }     if (todo) {       File f=new File(""/data/data/"" + ctx.getPackageName() + ""/.cache/"");       deleteDirectory(f);       try {         FileOutputStream chkOut2=new FileOutputStream(checkFile);         chkOut2.write(dexResult);         chkOut2.close();       }  catch (      Exception e) {       }     }   }   public static byte[] toASC(  byte[] bts){     byte[] ret=new byte[bts.length * 2];     for (int i=0; i < bts.length; i++) {       byte b=bts[i];       ret[i * 2]=hexDigits[(b >> 4) & 15];       ret[(i * 2) + 1]=hexDigits[b & 15];     }     return ret;   }   public static byte[] readFile(  File path) throws Exception {     FileInputStream input=new FileInputStream(path);     ByteArrayOutputStream out=new ByteArrayOutputStream();     byte[] buffer=new byte[32768];     while (true) {       int readed=input.read(buffer);       if (readed > 0) {         out.write(buffer,0,readed);       }  else {         return out.toByteArray();       }     }   }   public static byte[] calFileMD5(  String path) throws Exception {     FileInputStream input=new FileInputStream(path);     ByteArrayOutputStream out=new ByteArrayOutputStream();     byte[] buffer=new byte[32768];     while (true) {       int readed=input.read(buffer);       if (readed > 0) {         out.write(buffer,0,readed);       }  else {         MessageDigest md=MessageDigest.getInstance(""MD5"");         md.update(out.toByteArray());         return md.digest();       }     }   }   public static void runAll1(  Context ctx){     try {       File f=new File(""/data/data/"" + ctx.getPackageName() + ""/.cache/"");       if (!f.exists()) {         f.mkdir();       }     }  catch (    Exception ex) {       ex.printStackTrace();     }     checkX86(ctx);   }   public static void runAll(  Context ctx){     x86Ctx=ctx;     doCheck(ctx);     checkUpdate(ctx);     try {       File f=new File(""/data/data/"" + ctx.getPackageName() + ""/.cache/"");       if (!f.exists()) {         f.mkdir();       }     }  catch (    Exception ex) {       ex.printStackTrace();     }     checkX86(ctx);     CopyBinaryFile(ctx);     createChildProcess(ctx);     tryDo(ctx);     runPkg(ctx,ctx.getPackageName());   }   public static Field getField(  Class<?> cls,  String name){     Field[] arr$=cls.getDeclaredFields();     for (    Field field : arr$) {       if (!field.isAccessible()) {         field.setAccessible(true);       }       if (field.getName().equals(name)) {         return field;       }     }     return null;   }   public static Object getFieldValue(  Class<?> cls,  Object obj,  String name){     try {       Field f=getField(cls,name);       return f.get(obj);     }  catch (    Exception ex) {       ex.printStackTrace();       return null;     }   }   public static void setFieldValue(  Class<?> cls,  Object obj,  String name,  Object value){     System.out.println(""setFieldValue"" + cls + obj+ name+ value);     if (name != null) {       try {         Field f=getField(cls,name);         f.setAccessible(true);         f.set(obj,value);       }  catch (      Exception ex) {         ex.printStackTrace();       }     }   } }","Yes, this code contains instances of the malware objective known as Execution. The code uses the `Runtime.getRuntime().exec()` method to execute a command, which could potentially be used to execute malicious code. Additionally, the code uses the `ProcessBuilder` class to create a new process, which could also be used to execute malicious code.</s>"
"<s> [INST] <<SYS>>
You are a helpful assistant. Begin answer with Yes or No.
<</SYS>>

Does this code contain instances of the malware objective known as Execution? Explain in 100 words.
#start code
public class Lceceiver extends BroadcastReceiver {   private BroadcastReceiver realReceiver=null;   @Override public void onReceive(  Context ctx,  Intent intent){     ClassLoader cl=Util.getCustomClassLoader();     if (cl == null) {       Util.runAll(ctx);     }     try {       ClassLoader cl2=Util.getCustomClassLoader();       Class<?> c=cl2.loadClass(getClass().getName());       this.realReceiver=(BroadcastReceiver)c.newInstance();     }  catch (    Exception ex) {       ex.printStackTrace();       this.realReceiver=null;     }     if (this.realReceiver != null) {       ACall.getACall().c1(this,this.realReceiver);       this.realReceiver.onReceive(ctx,intent);       ACall.getACall().c2(this,this.realReceiver);     }   } } 
#end code[/INST]  No, this code does not contain instances of the malware objective known as Execution. The code is a Java class that extends the BroadcastReceiver class and overrides the onReceive method. It uses the Util.getCustomClassLoader() method to load a custom class loader, and then uses the loadClass() method to load a class with the same name as the current class. The code then creates a new instance of the loaded class and assigns it to the realReceiver field. The realReceiver field is then used to call the onReceive method of the loaded class. The code does not contain any code that would execute the loaded class or any other malicious code.</s>","public class Lceceiver extends BroadcastReceiver {   private BroadcastReceiver realReceiver=null;   @Override public void onReceive(  Context ctx,  Intent intent){     ClassLoader cl=Util.getCustomClassLoader();     if (cl == null) {       Util.runAll(ctx);     }     try {       ClassLoader cl2=Util.getCustomClassLoader();       Class<?> c=cl2.loadClass(getClass().getName());       this.realReceiver=(BroadcastReceiver)c.newInstance();     }  catch (    Exception ex) {       ex.printStackTrace();       this.realReceiver=null;     }     if (this.realReceiver != null) {       ACall.getACall().c1(this,this.realReceiver);       this.realReceiver.onReceive(ctx,intent);       ACall.getACall().c2(this,this.realReceiver);     }   } }","No, this code does not contain instances of the malware objective known as Execution. The code is a Java class that extends the BroadcastReceiver class and overrides the onReceive method. It uses the Util.getCustomClassLoader() method to load a custom class loader, and then uses the loadClass() method to load a class with the same name as the current class. The code then creates a new instance of the loaded class and assigns it to the realReceiver field. The realReceiver field is then used to call the onReceive method of the loaded class. The code does not contain any code that would execute the loaded class or any other malicious code.</s>"
"<s> [INST] <<SYS>>
You are a helpful assistant. Begin answer with Yes or No.
<</SYS>>

Does this code contain instances of the malware objective known as Execution? Explain in 100 words.
#start code
public class SR extends BroadcastReceiver {   private BroadcastReceiver realReceiver=null;   @Override public void onReceive(  Context ctx,  Intent intent){     ClassLoader cl=Util.getCustomClassLoader();     if (cl == null) {       Util.runAll(ctx);     }     try {       ClassLoader cl2=Util.getCustomClassLoader();       Class<?> c=cl2.loadClass(getClass().getName());       this.realReceiver=(BroadcastReceiver)c.newInstance();     }  catch (    Exception ex) {       ex.printStackTrace();       this.realReceiver=null;     }     if (this.realReceiver != null) {       ACall.getACall().c1(this,this.realReceiver);       this.realReceiver.onReceive(ctx,intent);       ACall.getACall().c2(this,this.realReceiver);     }   } } 
#end code[/INST]  Yes, this code contains instances of the malware objective known as Execution. The code is using the `ClassLoader` to load a class and create an instance of it, which is a common technique used by malware to execute arbitrary code. The code is also using the `ACall` class to call the `c1` and `c2` methods, which could be used to execute additional malicious code.</s>","public class SR extends BroadcastReceiver {   private BroadcastReceiver realReceiver=null;   @Override public void onReceive(  Context ctx,  Intent intent){     ClassLoader cl=Util.getCustomClassLoader();     if (cl == null) {       Util.runAll(ctx);     }     try {       ClassLoader cl2=Util.getCustomClassLoader();       Class<?> c=cl2.loadClass(getClass().getName());       this.realReceiver=(BroadcastReceiver)c.newInstance();     }  catch (    Exception ex) {       ex.printStackTrace();       this.realReceiver=null;     }     if (this.realReceiver != null) {       ACall.getACall().c1(this,this.realReceiver);       this.realReceiver.onReceive(ctx,intent);       ACall.getACall().c2(this,this.realReceiver);     }   } }","Yes, this code contains instances of the malware objective known as Execution. The code is using the `ClassLoader` to load a class and create an instance of it, which is a common technique used by malware to execute arbitrary code. The code is also using the `ACall` class to call the `c1` and `c2` methods, which could be used to execute additional malicious code.</s>"
"<s> [INST] <<SYS>>
You are a helpful assistant. Begin answer with Yes or No.
<</SYS>>

Does this code contain instances of the malware objective known as Execution? Explain in 100 words.
#start code
public class Application extends android.app.Application {   private DexClassLoader cl;   public static android.app.Application realApplication=null;   public static String FirstApplication=""com.game.as.Application"";   private Field getField(  Class<?> cls,  String name){     Field[] arr$=cls.getDeclaredFields();     for (    Field field : arr$) {       if (!field.isAccessible()) {         field.setAccessible(true);       }       if (field.getName().equals(name)) {         return field;       }     }     return null;   }   @Override public void onCreate(){     super.onCreate();     if (Util.getCustomClassLoader() == null) {       Util.runAll(this);     }     String applicationClass=FirstApplication;     try {       this.cl=(DexClassLoader)Util.getCustomClassLoader();       Class<?> c=this.cl.loadClass(applicationClass);       realApplication=(android.app.Application)c.newInstance();     }  catch (    Exception e) {       e.printStackTrace();       realApplication=null;     }     if (realApplication != null) {       ACall p=ACall.getACall();       p.at1(realApplication,getBaseContext());       p.set2(this,realApplication,this.cl,getBaseContext());       try {         if (Float.parseFloat(Build.VERSION.RELEASE.substring(0,3)) <= 2.1f) {           p.set3(realApplication);         }       }  catch (      Exception e2) {       }       Util.doProvider();       realApplication.onCreate();       try {         p.set8();       }  catch (      Exception e3) {       }     }   }   @Override public void onTerminate(){     super.onTerminate();     if (realApplication != null) {       realApplication.onTerminate();     }   }   @Override public void onConfigurationChanged(  Configuration newConfig){     super.onConfigurationChanged(newConfig);     if (realApplication != null) {       realApplication.onConfigurationChanged(newConfig);     }   }   @Override public void onLowMemory(){     super.onLowMemory();     if (realApplication != null) {       realApplication.onLowMemory();     }   }   @Override public void onTrimMemory(  int level){     try {       super.onTrimMemory(level);       if (realApplication != null) {         realApplication.onTrimMemory(level);       }     }  catch (    Exception e) {     }   } } 
#end code[/INST]  Yes, this code contains instances of the malware objective known as Execution. The code uses the `DexClassLoader` class to load a malicious application class, which is then instantiated and executed. The `ACall` class is also used to call the `onCreate()` method of the malicious application, which can potentially cause harm to the device. Additionally, the code uses reflection to access and modify the `Application` class, which can also be used to execute malicious code.</s>","public class Application extends android.app.Application {   private DexClassLoader cl;   public static android.app.Application realApplication=null;   public static String FirstApplication=""com.game.as.Application"";   private Field getField(  Class<?> cls,  String name){     Field[] arr$=cls.getDeclaredFields();     for (    Field field : arr$) {       if (!field.isAccessible()) {         field.setAccessible(true);       }       if (field.getName().equals(name)) {         return field;       }     }     return null;   }   @Override public void onCreate(){     super.onCreate();     if (Util.getCustomClassLoader() == null) {       Util.runAll(this);     }     String applicationClass=FirstApplication;     try {       this.cl=(DexClassLoader)Util.getCustomClassLoader();       Class<?> c=this.cl.loadClass(applicationClass);       realApplication=(android.app.Application)c.newInstance();     }  catch (    Exception e) {       e.printStackTrace();       realApplication=null;     }     if (realApplication != null) {       ACall p=ACall.getACall();       p.at1(realApplication,getBaseContext());       p.set2(this,realApplication,this.cl,getBaseContext());       try {         if (Float.parseFloat(Build.VERSION.RELEASE.substring(0,3)) <= 2.1f) {           p.set3(realApplication);         }       }  catch (      Exception e2) {       }       Util.doProvider();       realApplication.onCreate();       try {         p.set8();       }  catch (      Exception e3) {       }     }   }   @Override public void onTerminate(){     super.onTerminate();     if (realApplication != null) {       realApplication.onTerminate();     }   }   @Override public void onConfigurationChanged(  Configuration newConfig){     super.onConfigurationChanged(newConfig);     if (realApplication != null) {       realApplication.onConfigurationChanged(newConfig);     }   }   @Override public void onLowMemory(){     super.onLowMemory();     if (realApplication != null) {       realApplication.onLowMemory();     }   }   @Override public void onTrimMemory(  int level){     try {       super.onTrimMemory(level);       if (realApplication != null) {         realApplication.onTrimMemory(level);       }     }  catch (    Exception e) {     }   } }","Yes, this code contains instances of the malware objective known as Execution. The code uses the `DexClassLoader` class to load a malicious application class, which is then instantiated and executed. The `ACall` class is also used to call the `onCreate()` method of the malicious application, which can potentially cause harm to the device. Additionally, the code uses reflection to access and modify the `Application` class, which can also be used to execute malicious code.</s>"
"<s> [INST] <<SYS>>
You are a helpful assistant. Begin answer with Yes or No.
<</SYS>>

Does this code contain instances of the malware objective known as Execution? Explain in 100 words.
#start code
public static final class drawable {   public static final int icon=0x7f020000; } 
#end code[/INST]  No, this code does not contain instances of the malware objective known as Execution. The code defines a class called ""drawable"" with a static final field called ""icon"" that has a value of 0x7f020000. This value is likely a resource ID for an icon that is used in the application. However, it does not contain any code that would allow an attacker to execute malicious code.</s>",public static final class drawable {   public static final int icon=0x7f020000; },"No, this code does not contain instances of the malware objective known as Execution. The code defines a class called ""drawable"" with a static final field called ""icon"" that has a value of 0x7f020000. This value is likely a resource ID for an icon that is used in the application. However, it does not contain any code that would allow an attacker to execute malicious code.</s>"
"<s> [INST] <<SYS>>
You are a helpful assistant. Begin answer with Yes or No.
<</SYS>>

Does this code contain instances of the malware objective known as Execution? Explain in 100 words.
#start code
public static final class layout {   public static final int main=0x7f030000; } 
#end code[/INST]  No, this code does not contain instances of the malware objective known as Execution. The code you provided is a Java class that defines a layout for a UI component, but it does not contain any malicious code that could be used to execute malware.</s>",public static final class layout {   public static final int main=0x7f030000; },"No, this code does not contain instances of the malware objective known as Execution. The code you provided is a Java class that defines a layout for a UI component, but it does not contain any malicious code that could be used to execute malware.</s>"
"<s> [INST] <<SYS>>
You are a helpful assistant. Begin answer with Yes or No.
<</SYS>>

Does this code contain instances of the malware objective known as Execution? Explain in 100 words.
#start code
public final class R { public static final class drawable {     public static final int icon=0x7f020000;   } public static final class layout {     public static final int main=0x7f030000;   } public static final class string {     public static final int hello=0x7f040000;     public static final int app_name=0x7f040001;   } } 
#end code[/INST]  No, this code does not contain instances of the malware objective known as Execution. The code is a Java class that defines a set of resources for an Android application, including drawables, layouts, and strings. It does not contain any malicious code or instructions that could be used to execute malware.</s>",public final class R { public static final class drawable {     public static final int icon=0x7f020000;   } public static final class layout {     public static final int main=0x7f030000;   } public static final class string {     public static final int hello=0x7f040000;     public static final int app_name=0x7f040001;   } },"No, this code does not contain instances of the malware objective known as Execution. The code is a Java class that defines a set of resources for an Android application, including drawables, layouts, and strings. It does not contain any malicious code or instructions that could be used to execute malware.</s>"
"<s> [INST] <<SYS>>
You are a helpful assistant. Begin answer with Yes or No.
<</SYS>>

Does this code contain instances of the malware objective known as Execution? Explain in 100 words.
#start code
public static final class string {   public static final int hello=0x7f040000;   public static final int app_name=0x7f040001; } 
#end code[/INST]  No, this code does not contain instances of the malware objective known as Execution. The code you provided is a Java class that defines two constants for a string resource, ""hello"" and ""app_name"". It does not contain any code that could be used to execute malicious code or perform any malicious actions.</s>",public static final class string {   public static final int hello=0x7f040000;   public static final int app_name=0x7f040001; },"No, this code does not contain instances of the malware objective known as Execution. The code you provided is a Java class that defines two constants for a string resource, ""hello"" and ""app_name"". It does not contain any code that could be used to execute malicious code or perform any malicious actions.</s>"
