output,extracted_text,coherence_score
"<s> [INST] <<SYS>>
Assign a coherence score for s1 on a scale of 1 to 5, where 1 is the lowest and 5 is the highest based on the coherence criteria. Coherence refers to the collective quality of all sentences. Align this dimension with the DUC quality question of structure and coherence whereby s1 should be well-structured and well-organized. s1 should not just be a heap of related information, but should build from sentence to a coherent body of information about a topic.
<</SYS>>

[Start summary]
This code defines a class called `UnusedStub` that has a private constructor. The constructor is marked as `private`, which means that it can only be accessed within the same class or by classes that extend it.

The purpose of this code is to prevent the class from being instantiated or subclassed. By making the constructor private, it prevents anyone from creating an instance of the class or subclassing it.

This code is often used in situations where a class is not intended to be used directly, but rather as a base class for other classes. By making the constructor private, it prevents the class from being used directly, which helps to ensure that the class is used correctly and in a way that is consistent with its intended purpose.</s> 
[End summary]

[Start s1]
No, this code does not contain instances of the malware objective known as Execution. The code defines a private constructor for the `UnusedStub` class, which is a common technique used to prevent instantiation of a class. However, this does not allow for the execution of any malicious code.</s> 
[End s1]

Output the coherence score for s1 on a scale of 1 to 5 (i.e., /5).[/INST]  Based on the provided text, the coherence score for s1 is 4 out of 5.</s>","Based on the provided text, the coherence score for s1 is 4 out of 5.",4
"<s> [INST] <<SYS>>
Assign a coherence score for s1 on a scale of 1 to 5, where 1 is the lowest and 5 is the highest based on the coherence criteria. Coherence refers to the collective quality of all sentences. Align this dimension with the DUC quality question of structure and coherence whereby s1 should be well-structured and well-organized. s1 should not just be a heap of related information, but should build from sentence to a coherent body of information about a topic.
<</SYS>>

[Start summary]
This code is a Java DOM (Document Object Model) representation of a type declaration. The `org.eclipse.jdt.core.dom.TypeDeclaration` class is used to represent a type declaration in the Java programming language. The `@4ff8d125` part of the code is a unique identifier for the type declaration, and it is used to identify the type declaration in the Java DOM.

The code is a representation of a type declaration in the Java programming language, which is a way of defining a new type or class in Java. The type declaration includes the name of the type, the superclass, and the interfaces that the type implements. The type declaration also includes the fields and methods that are defined for the type.

The code is a simplified representation of a type declaration, and it does not include all the details of a full type declaration. However, it gives an idea of the structure and syntax of a type declaration in Java.</s> 
[End summary]

[Start s1]
No, this code does not contain instances of the malware objective known as Execution. The code appears to be a Java code snippet that defines a type declaration using the Eclipse JDT API. It does not contain any malicious code or functionality that could be used to execute malware.</s> 
[End s1]

Output the coherence score for s1 on a scale of 1 to 5 (i.e., /5).[/INST]  Based on the provided text, the coherence score for s1 is 4 out of 5.</s>","Based on the provided text, the coherence score for s1 is 4 out of 5.",4
"<s> [INST] <<SYS>>
Assign a coherence score for s1 on a scale of 1 to 5, where 1 is the lowest and 5 is the highest based on the coherence criteria. Coherence refers to the collective quality of all sentences. Align this dimension with the DUC quality question of structure and coherence whereby s1 should be well-structured and well-organized. s1 should not just be a heap of related information, but should build from sentence to a coherent body of information about a topic.
<</SYS>>

[Start summary]
This code defines a class called `AccessibilityServiceInfoCompatIcs` that provides a compatibility layer for accessing the `AccessibilityServiceInfo` class in Android 4.0 (Ice Cream Sandwich) and later versions.

The class has several static methods that provide access to the various properties of an `AccessibilityServiceInfo` object, such as `getCanRetrieveWindowContent()`, `getDescription()`, `getId()`, `getResolveInfo()`, and `getSettingsActivityName()`.

The `AccessibilityServiceInfoCompatIcs` class is used to provide a consistent API for accessing these properties across different versions of Android. This allows developers to write code that can run on different versions of Android without having to worry about the differences in the `AccessibilityServiceInfo` class.</s> 
[End summary]

[Start s1]
No, this code does not contain instances of the malware objective known as Execution. The code is a Java class that defines a compatibility layer for the AccessibilityServiceInfo class in Android, and it does not contain any code that could be used to execute malicious code.</s> 
[End s1]

Output the coherence score for s1 on a scale of 1 to 5 (i.e., /5).[/INST]  Based on the provided text, the coherence score for s1 is 4 out of 5.</s>","Based on the provided text, the coherence score for s1 is 4 out of 5.",4
"<s> [INST] <<SYS>>
Assign a coherence score for s1 on a scale of 1 to 5, where 1 is the lowest and 5 is the highest based on the coherence criteria. Coherence refers to the collective quality of all sentences. Align this dimension with the DUC quality question of structure and coherence whereby s1 should be well-structured and well-organized. s1 should not just be a heap of related information, but should build from sentence to a coherent body of information about a topic.
<</SYS>>

[Start summary]
This code defines a class called `AccessibilityServiceInfoCompatJellyBeanMr2` that is used to provide compatibility with Android Jelly Bean MR2 (API level 18) and higher.

The class has a single constructor that takes no arguments.

The class also defines a static method called `getCapabilities` that takes an `AccessibilityServiceInfo` object as an argument. This method returns the capabilities of the accessibility service, which is an integer value that represents the accessibility features that the service supports.

The `getCapabilities` method is implemented by calling the `getCapabilities` method of the `AccessibilityServiceInfo` object that is passed as an argument. This method is available in Android Jelly Bean MR2 (API level 18) and higher, so the `AccessibilityServiceInfoCompatJellyBeanMr2` class is used to provide compatibility with these versions of Android.</s> 
[End summary]

[Start s1]
No, this code does not contain instances of the malware objective known as Execution. The code is a Java class that defines a new class called AccessibilityServiceInfoCompatJellyBeanMr2, which has a constructor and a static method called getCapabilities. The getCapabilities method returns the capabilities of an AccessibilityServiceInfo object, but it does not contain any code that would execute malicious code.</s> 
[End s1]

Output the coherence score for s1 on a scale of 1 to 5 (i.e., /5).[/INST]  Based on the provided text, the coherence score for s1 is 4 out of 5.</s>","Based on the provided text, the coherence score for s1 is 4 out of 5.",4
"<s> [INST] <<SYS>>
Assign a coherence score for s1 on a scale of 1 to 5, where 1 is the lowest and 5 is the highest based on the coherence criteria. Coherence refers to the collective quality of all sentences. Align this dimension with the DUC quality question of structure and coherence whereby s1 should be well-structured and well-organized. s1 should not just be a heap of related information, but should build from sentence to a coherent body of information about a topic.
<</SYS>>

[Start summary]
This code defines a class called `AccessibilityServiceInfoIcsImpl` that extends the `AccessibilityServiceInfoStubImpl` class. The `AccessibilityServiceInfoIcsImpl` class is used to provide compatibility with Android 4.0 (Ice Cream Sandwich) and later versions.

The `AccessibilityServiceInfoIcsImpl` class overrides the following methods from the `AccessibilityServiceInfoStubImpl` class:

* `getCanRetrieveWindowContent()`: This method returns a boolean value indicating whether the accessibility service can retrieve the content of windows.
* `getDescription()`: This method returns a string describing the accessibility service.
* `getId()`: This method returns a string identifying the accessibility service.
* `getResolveInfo()`: This method returns a `ResolveInfo` object containing information about the accessibility service.
* `getSettingsActivityName()`: This method returns a string containing the name of the activity that provides settings for the accessibility service.
* `getCapabilities()`: This method returns an integer value indicating the capabilities of the accessibility service.

The `AccessibilityServiceInfoIcsImpl` class uses the `AccessibilityServiceInfoCompatIcs` class to provide compatibility with Android 4.0 (Ice Cream Sandwich) and later versions. The `AccessibilityServiceInfoCompatIcs` class provides methods for accessing the `AccessibilityServiceInfo` class in Android 4.0 (Ice Cream Sandwich) and later versions.

The `AccessibilityServiceInfoIcsImpl` class is used to provide compatibility with Android 4.0 (Ice Cream Sandwich) and later versions. It is used in the `AccessibilityServiceInfo` class to provide compatibility with Android 4.0 (Ice Cream Sandwich) and later versions.</s> 
[End summary]

[Start s1]
No, this code does not contain instances of the malware objective known as Execution. The code is a Java class that extends the `AccessibilityServiceInfoStubImpl` class and overrides several methods to provide compatibility with Android 4.0 (Ice Cream Sandwich) and later versions. The code does not contain any code that could be used to execute malicious code or perform any malicious actions.</s> 
[End s1]

Output the coherence score for s1 on a scale of 1 to 5 (i.e., /5).[/INST]  Based on the provided text, the coherence score for s1 is 4 out of 5.</s>","Based on the provided text, the coherence score for s1 is 4 out of 5.",4
"<s> [INST] <<SYS>>
Assign a coherence score for s1 on a scale of 1 to 5, where 1 is the lowest and 5 is the highest based on the coherence criteria. Coherence refers to the collective quality of all sentences. Align this dimension with the DUC quality question of structure and coherence whereby s1 should be well-structured and well-organized. s1 should not just be a heap of related information, but should build from sentence to a coherent body of information about a topic.
<</SYS>>

[Start summary]
This code defines a static class called `AccessibilityServiceInfoJellyBeanMr2` that extends the `AccessibilityServiceInfoIcsImpl` class. The class is defined in the `android.support.v4.view.accessibility` package.

The `AccessibilityServiceInfoJellyBeanMr2` class is used to provide compatibility for the `AccessibilityServiceInfo` class on Android 4.2 and later versions. The class is used to provide a way to access the `getCapabilities()` method of the `AccessibilityServiceInfo` class, which was introduced in Android 4.2.

The `getCapabilities()` method returns an integer value that represents the capabilities of an accessibility service. The method is used to determine whether an accessibility service can perform certain actions, such as reading text or controlling the screen reader.

The `AccessibilityServiceInfoJellyBeanMr2` class is used to provide a way to access the `getCapabilities()` method of the `AccessibilityServiceInfo` class on Android 4.2 and later versions. The class is used to provide compatibility for the `AccessibilityServiceInfo` class on Android 4.2 and later versions.</s> 
[End summary]

[Start s1]
No, this code does not contain instances of the malware objective known as Execution. The code is a Java class that extends another class and overrides a method, but it does not contain any code that could be used to execute malicious code.</s> 
[End s1]

Output the coherence score for s1 on a scale of 1 to 5 (i.e., /5).[/INST]  Based on the provided text, the coherence score for s1 is 4 out of 5.</s>","Based on the provided text, the coherence score for s1 is 4 out of 5.",4
"<s> [INST] <<SYS>>
Assign a coherence score for s1 on a scale of 1 to 5, where 1 is the lowest and 5 is the highest based on the coherence criteria. Coherence refers to the collective quality of all sentences. Align this dimension with the DUC quality question of structure and coherence whereby s1 should be well-structured and well-organized. s1 should not just be a heap of related information, but should build from sentence to a coherent body of information about a topic.
<</SYS>>

[Start summary]
This code defines a stub implementation of the `AccessibilityServiceInfoVersionImpl` interface. The stub implementation is an anonymous inner class that implements all the methods of the interface with empty bodies.

The `AccessibilityServiceInfoStubImpl` constructor is defined as a no-op, as there is no need to initialize any fields or perform any actions in this implementation.

The `getCanRetrieveWindowContent` method returns `false`, indicating that the service cannot retrieve the content of windows.

The `getDescription` method returns `null`, indicating that the service does not have a description.

The `getId` method returns `null`, indicating that the service does not have an ID.

The `getResolveInfo` method returns `null`, indicating that the service does not have a resolve info.

The `getSettingsActivityName` method returns `null`, indicating that the service does not have a settings activity name.

The `getCapabilities` method returns `0`, indicating that the service does not have any capabilities.

This stub implementation is used as a default implementation for the `AccessibilityServiceInfoVersionImpl` interface, and can be used as a base class for other implementations that provide more specific behavior.</s> 
[End summary]

[Start s1]
No, this code does not contain instances of the malware objective known as Execution. The code is a stub implementation of the AccessibilityServiceInfoVersionImpl interface, which is used to provide information about an accessibility service. The code does not contain any code that would allow an attacker to execute malicious code on the device.</s> 
[End s1]

Output the coherence score for s1 on a scale of 1 to 5 (i.e., /5).[/INST]  Based on the provided text, the coherence score for s1 is 4 out of 5.</s>","Based on the provided text, the coherence score for s1 is 4 out of 5.",4
"<s> [INST] <<SYS>>
Assign a coherence score for s1 on a scale of 1 to 5, where 1 is the lowest and 5 is the highest based on the coherence criteria. Coherence refers to the collective quality of all sentences. Align this dimension with the DUC quality question of structure and coherence whereby s1 should be well-structured and well-organized. s1 should not just be a heap of related information, but should build from sentence to a coherent body of information about a topic.
<</SYS>>

[Start summary]
This code defines an interface named `AccessibilityServiceInfoVersionImpl` that provides methods for retrieving information about an accessibility service. The interface has six methods:

1. `getCanRetrieveWindowContent()`: Returns a boolean indicating whether the accessibility service can retrieve the content of a window.
2. `getCapabilities()`: Returns an integer representing the capabilities of the accessibility service.
3. `getDescription()`: Returns a string describing the accessibility service.
4. `getId()`: Returns a string representing the ID of the accessibility service.
5. `getResolveInfo()`: Returns a `ResolveInfo` object representing the accessibility service.
6. `getSettingsActivityName()`: Returns a string representing the name of the activity that provides settings for the accessibility service.

The interface is implemented by the `AccessibilityServiceInfo` class, which provides information about an accessibility service. The methods of the interface are used to retrieve information about the accessibility service, such as its capabilities, description, and ID.</s> 
[End summary]

[Start s1]
No, this code does not contain instances of the malware objective known as Execution. The code is a Java interface that defines a set of methods for accessing and manipulating the information associated with an Android accessibility service. It does not contain any code that could be used to execute malicious code or perform any malicious actions.</s> 
[End s1]

Output the coherence score for s1 on a scale of 1 to 5 (i.e., /5).[/INST]  Based on the provided text, the coherence score for s1 is 4 out of 5.</s>","Based on the provided text, the coherence score for s1 is 4 out of 5.",4
"<s> [INST] <<SYS>>
Assign a coherence score for s1 on a scale of 1 to 5, where 1 is the lowest and 5 is the highest based on the coherence criteria. Coherence refers to the collective quality of all sentences. Align this dimension with the DUC quality question of structure and coherence whereby s1 should be well-structured and well-organized. s1 should not just be a heap of related information, but should build from sentence to a coherent body of information about a topic.
<</SYS>>

[Start summary]
This code defines a class called `Action` in Java. The class has three fields:

* `actionIntent`: a `PendingIntent` object that represents the action to be performed.
* `icon`: an integer that represents the icon to be displayed for the action.
* `title`: a `CharSequence` object that represents the title of the action.

The constructor of the class takes three arguments:

* `icon_`: an integer that represents the icon to be displayed for the action.
* `title_`: a `CharSequence` object that represents the title of the action.
* `intent_`: a `PendingIntent` object that represents the action to be performed.

The constructor initializes the fields of the class with the values passed in the constructor.</s> 
[End summary]

[Start s1]
No, this code does not contain instances of the malware objective known as Execution. The code defines a class called ""Action"" with three fields: ""actionIntent"", ""icon"", and ""title"". It also contains a constructor that initializes these fields. However, it does not contain any code that would allow the execution of malicious code.</s> 
[End s1]

Output the coherence score for s1 on a scale of 1 to 5 (i.e., /5).[/INST]  Based on the provided text, the coherence score for s1 is 4 out of 5.</s>","Based on the provided text, the coherence score for s1 is 4 out of 5.",4
"<s> [INST] <<SYS>>
Assign a coherence score for s1 on a scale of 1 to 5, where 1 is the lowest and 5 is the highest based on the coherence criteria. Coherence refers to the collective quality of all sentences. Align this dimension with the DUC quality question of structure and coherence whereby s1 should be well-structured and well-organized. s1 should not just be a heap of related information, but should build from sentence to a coherent body of information about a topic.
<</SYS>>

[Start summary]
This code defines a class called `ActionBarDrawerToggle` that implements the `DrawerLayout.DrawerListener` interface. It is used to toggle the drawer layout when the home button is clicked.

Here's a breakdown of the code:

1. The class is defined as a nested class of `ActionBarDrawerToggle`.
2. It has several private fields, including `mActivity`, `mDrawerLayout`, `mDrawerImageResource`, `mOpenDrawerContentDescRes`, `mCloseDrawerContentDescRes`, `mThemeImage`, `mDrawerImage`, `mSlider`, `mSetIndicatorInfo`, and `mHasMirroring`.
3. The constructor takes in an `Activity`, a `DrawerLayout`, a drawable resource ID for the drawer icon, and two string resource IDs for the open and close drawer descriptions.
4. The `syncState()` method is called when the configuration changes, and it updates the state of the drawer toggle.
5. The `setDrawerIndicatorEnabled()` method is used to enable or disable the drawer indicator.
6. The `isDrawerIndicatorEnabled()` method returns whether the drawer indicator is enabled.
7. The `onConfigurationChanged()` method is called when the configuration changes, and it updates the theme up indicator and the drawer image.
8. The `onOptionsItemSelected()` method is called when an options item is selected, and it handles the home button click.
9. The `onDrawerSlide()` method is called when the drawer is sliding, and it updates the position of the drawer toggle.
10. The `onDrawerOpened()` method is called when the drawer is opened, and it updates the position of the drawer toggle.
11. The `onDrawerClosed()` method is called when the drawer is closed, and it updates the position of the drawer toggle.
12. The `onDrawerStateChanged()` method is called when the drawer state changes, and it does nothing.
13. The `getThemeUpIndicator()` method returns the theme up indicator.
14. The `setActionBarUpIndicator()` method sets the action bar up indicator.
15. The `setActionBarDescription()` method sets the action bar description.

The `SlideDrawable` class is a private inner class of `ActionBarDrawerToggle` that extends `InsetDrawable` and implements `Drawable.Callback`. It is used to draw the drawer toggle.</s> 
[End summary]

[Start s1]
No, this code does not contain instances of the malware objective known as Execution.</s> 
[End s1]

Output the coherence score for s1 on a scale of 1 to 5 (i.e., /5).[/INST]  Based on the provided text, the coherence score for s1 is 4 out of 5.</s>","Based on the provided text, the coherence score for s1 is 4 out of 5.",4
"<s> [INST] <<SYS>>
Assign a coherence score for s1 on a scale of 1 to 5, where 1 is the lowest and 5 is the highest based on the coherence criteria. Coherence refers to the collective quality of all sentences. Align this dimension with the DUC quality question of structure and coherence whereby s1 should be well-structured and well-organized. s1 should not just be a heap of related information, but should build from sentence to a coherent body of information about a topic.
<</SYS>>

[Start summary]
This code defines a class called `ActionBarDrawerToggleHoneycomb` that is used to set the up indicator and content description for the action bar in Android 3.0 (Honeycomb) and later versions.

The class has several static methods that are used to set the up indicator and content description for the action bar. These methods are used by the `ActionBarDrawerToggle` class to set the up indicator and content description for the action bar when the drawer is opened or closed.

The `setActionBarUpIndicator` method takes three parameters: `info`, `activity`, and `drawable`. It sets the up indicator for the action bar to the specified `drawable`. It also sets the content description for the up indicator to the specified `contentDescRes`.

The `setActionBarDescription` method takes three parameters: `info`, `activity`, and `contentDescRes`. It sets the content description for the up indicator to the specified `contentDescRes`.

The `getThemeUpIndicator` method takes one parameter: `activity`. It returns the up indicator for the action bar as a `Drawable`.

The `SetIndicatorInfo` class is a private inner class that is used to store information about the up indicator and content description for the action bar. It has three fields: `setHomeAsUpIndicator`, `setHomeActionContentDescription`, and `upIndicatorView`. The `setHomeAsUpIndicator` field is a method that is used to set the up indicator for the action bar. The `setHomeActionContentDescription` field is a method that is used to set the content description for the up indicator. The `upIndicatorView` field is an `ImageView` that is used to store the up indicator.

The `ActionBarDrawerToggleHoneycomb` class is used by the `ActionBarDrawerToggle` class to set the up indicator and content description for the action bar when the drawer is opened or closed. It is used to provide backwards compatibility with Android 3.0 (Honeycomb) and later versions.</s> 
[End summary]

[Start s1]
Yes, this code contains instances of the malware objective known as Execution. The code is using reflection to call the ""setHomeAsUpIndicator"" and ""setHomeActionContentDescription"" methods on the ActionBar object, which can be used to execute arbitrary code. Additionally, the code is using the ""getThemeUpIndicator"" method to retrieve a Drawable object, which can also be used to execute arbitrary code.</s> 
[End s1]

Output the coherence score for s1 on a scale of 1 to 5 (i.e., /5).[/INST]  Based on the provided text, the coherence score for s1 is 4 out of 5.</s>","Based on the provided text, the coherence score for s1 is 4 out of 5.",4
"<s> [INST] <<SYS>>
Assign a coherence score for s1 on a scale of 1 to 5, where 1 is the lowest and 5 is the highest based on the coherence criteria. Coherence refers to the collective quality of all sentences. Align this dimension with the DUC quality question of structure and coherence whereby s1 should be well-structured and well-organized. s1 should not just be a heap of related information, but should build from sentence to a coherent body of information about a topic.
<</SYS>>

[Start summary]
This code defines an interface called `ActionBarDrawerToggleImpl` that provides methods for customizing the appearance of the action bar in an activity. The interface has three methods:

1. `getThemeUpIndicator(Activity activity)`: This method returns a drawable that represents the ""up"" indicator in the action bar. The drawable is typically used to indicate that the user can navigate back to the previous screen.
2. `setActionBarDescription(Object obj, Activity activity, int i)`: This method sets the description of the action bar to the specified string resource. The `obj` parameter is a reference to the action bar, and the `activity` parameter is a reference to the activity that contains the action bar. The `i` parameter is the resource ID of the string to be used as the description.
3. `setActionBarUpIndicator(Object obj, Activity activity, Drawable drawable, int i)`: This method sets the ""up"" indicator in the action bar to the specified drawable. The `obj` parameter is a reference to the action bar, and the `activity` parameter is a reference to the activity that contains the action bar. The `drawable` parameter is the drawable to be used as the ""up"" indicator, and the `i` parameter is the resource ID of the string to be used as the description of the ""up"" indicator.

The `ActionBarDrawerToggleImpl` interface is used by the `ActionBarDrawerToggle` class to customize the appearance of the action bar in an activity. The `ActionBarDrawerToggle` class is used to create a toggle button that can be used to open and close a navigation drawer. The `ActionBarDrawerToggleImpl` interface allows the appearance of the action bar to be customized, which can be useful for applications that want to provide a customized user experience.</s> 
[End summary]

[Start s1]
No, this code does not contain instances of the malware objective known as Execution. The code is a Java interface that defines methods for implementing the functionality of the ActionBarDrawerToggle class in Android. It does not contain any code that could be used to execute malicious code or perform any malicious actions.</s> 
[End s1]

Output the coherence score for s1 on a scale of 1 to 5 (i.e., /5).[/INST]  Based on the provided text, the coherence score for s1 is 4 out of 5.</s>","Based on the provided text, the coherence score for s1 is 4 out of 5.",4
"<s> [INST] <<SYS>>
Assign a coherence score for s1 on a scale of 1 to 5, where 1 is the lowest and 5 is the highest based on the coherence criteria. Coherence refers to the collective quality of all sentences. Align this dimension with the DUC quality question of structure and coherence whereby s1 should be well-structured and well-organized. s1 should not just be a heap of related information, but should build from sentence to a coherent body of information about a topic.
<</SYS>>

[Start summary]
This code defines a private static class called `ActionBarDrawerToggleImplBase` that implements the `ActionBarDrawerToggleImpl` interface. The class has a private constructor and three methods:

1. `getThemeUpIndicator()`: This method returns a `Drawable` object that represents the theme up indicator for the activity.
2. `setActionBarUpIndicator()`: This method sets the theme up indicator for the activity to the given `Drawable` object. It also returns the `info` object.
3. `setActionBarDescription()`: This method sets the content description for the theme up indicator to the given resource ID. It also returns the `info` object.

The `ActionBarDrawerToggleImplBase` class is used to provide a default implementation of the `ActionBarDrawerToggleImpl` interface. The `ActionBarDrawerToggleImpl` interface is used by the `ActionBarDrawerToggle` class to provide a way to customize the behavior of the drawer toggle. The `ActionBarDrawerToggleImplBase` class provides a basic implementation of the `ActionBarDrawerToggleImpl` interface that can be used as a starting point for customizing the behavior of the drawer toggle.</s> 
[End summary]

[Start s1]
No, this code does not contain instances of the malware objective known as Execution. The code is a Java class that implements the ActionBarDrawerToggleImpl interface and contains methods for setting the theme up indicator and action bar description. It does not contain any code that would allow for the execution of malicious code.</s> 
[End s1]

Output the coherence score for s1 on a scale of 1 to 5 (i.e., /5).[/INST]  Based on the provided text, the coherence score for s1 is 4 out of 5.</s>","Based on the provided text, the coherence score for s1 is 4 out of 5.",4
"<s> [INST] <<SYS>>
Assign a coherence score for s1 on a scale of 1 to 5, where 1 is the lowest and 5 is the highest based on the coherence criteria. Coherence refers to the collective quality of all sentences. Align this dimension with the DUC quality question of structure and coherence whereby s1 should be well-structured and well-organized. s1 should not just be a heap of related information, but should build from sentence to a coherent body of information about a topic.
<</SYS>>

[Start summary]
This code defines a private static class called `ActionBarDrawerToggleImplHC` that implements the `ActionBarDrawerToggleImpl` interface. The class is defined as a nested class of the `ActionBarDrawerToggle` class.

The `ActionBarDrawerToggleImplHC` class has three methods:

1. `getThemeUpIndicator`: This method returns the theme up indicator for the activity. It calls the `getThemeUpIndicator` method of the `ActionBarDrawerToggleHoneycomb` class.
2. `setActionBarUpIndicator`: This method sets the action bar up indicator for the activity. It calls the `setActionBarUpIndicator` method of the `ActionBarDrawerToggleHoneycomb` class.
3. `setActionBarDescription`: This method sets the action bar description for the activity. It calls the `setActionBarDescription` method of the `ActionBarDrawerToggleHoneycomb` class.

The `ActionBarDrawerToggleImplHC` class is used to provide backwards compatibility for the `ActionBarDrawerToggle` class on Android 3.0 and higher. The `ActionBarDrawerToggle` class uses the `ActionBarDrawerToggleImpl` interface to access the theme up indicator and action bar description. The `ActionBarDrawerToggleImplHC` class provides an implementation of the `ActionBarDrawerToggleImpl` interface for Android 3.0 and higher.</s> 
[End summary]

[Start s1]
No, this code does not contain instances of the malware objective known as Execution. The code is a Java class that implements the ActionBarDrawerToggleImpl interface and contains methods for getting and setting the theme up indicator and action bar description. It does not contain any code that could be used to execute malicious code or perform any other malicious actions.</s> 
[End s1]

Output the coherence score for s1 on a scale of 1 to 5 (i.e., /5).[/INST]  Based on the provided text, the coherence score for s1 is 4 out of 5.</s>","Based on the provided text, the coherence score for s1 is 4 out of 5.",4
"<s> [INST] <<SYS>>
Assign a coherence score for s1 on a scale of 1 to 5, where 1 is the lowest and 5 is the highest based on the coherence criteria. Coherence refers to the collective quality of all sentences. Align this dimension with the DUC quality question of structure and coherence whereby s1 should be well-structured and well-organized. s1 should not just be a heap of related information, but should build from sentence to a coherent body of information about a topic.
<</SYS>>

[Start summary]
This code defines a class called `ActivityCompat` that extends `ContextCompat`. It contains several static methods that provide compatibility functionality for activities.

Here's a breakdown of the methods:

* `invalidateOptionsMenu(Activity activity)`: This method is used to invalidate the options menu for the given activity. It returns `true` if the method is supported on the current platform, and `false` otherwise.
* `startActivity(Activity activity, Intent intent, Bundle options)`: This method is used to start an activity with the given intent and options. It is a wrapper around the `startActivity()` method that takes an `Activity` object as its first argument.
* `startActivityForResult(Activity activity, Intent intent, int requestCode, Bundle options)`: This method is used to start an activity for the given intent, request code, and options. It is a wrapper around the `startActivityForResult()` method that takes an `Activity` object as its first argument.
* `finishAffinity(Activity activity)`: This method is used to finish the activity and all of its associated activities. It is a wrapper around the `finishAffinity()` method that takes an `Activity` object as its first argument.

The `ActivityCompat` class is used to provide compatibility functionality for activities on older versions of Android. It is used in place of the `Activity` class on older versions of Android to ensure that the correct methods are called.</s> 
[End summary]

[Start s1]
No, this code does not contain instances of the malware objective known as Execution. The code is a Java class that extends the `ContextCompat` class and provides a set of utility methods for starting activities and managing options menus. It does not contain any code that could be used to execute malicious code or perform any other malicious actions.</s> 
[End s1]

Output the coherence score for s1 on a scale of 1 to 5 (i.e., /5).[/INST]  Based on the provided text, the coherence score for s1 is 4 out of 5.</s>","Based on the provided text, the coherence score for s1 is 4 out of 5.",4
"<s> [INST] <<SYS>>
Assign a coherence score for s1 on a scale of 1 to 5, where 1 is the lowest and 5 is the highest based on the coherence criteria. Coherence refers to the collective quality of all sentences. Align this dimension with the DUC quality question of structure and coherence whereby s1 should be well-structured and well-organized. s1 should not just be a heap of related information, but should build from sentence to a coherent body of information about a topic.
<</SYS>>

[Start summary]
This code defines a class called `ActivityCompatHoneycomb` that is a subclass of `ActivityCompat`. The class has a single constructor that takes no arguments.

The class contains three static methods:

1. `invalidateOptionsMenu`: This method is used to invalidate the options menu for the activity. It calls the `invalidateOptionsMenu()` method of the activity.
2. `dump`: This method is used to dump the activity's state to a file descriptor. It calls the `dump()` method of the activity, passing in the file descriptor and a print writer.
3. `startActivityForResult`: This method is used to start an activity for the result. It calls the `startActivityForResult()` method of the activity, passing in the activity and the request code.

The class is defined in the `android.support.v4.app` package, which is a support library that provides compatibility classes for Android 3.0 (Honeycomb) and later versions. The class is used to provide compatibility for activities that were written for earlier versions of Android.</s> 
[End summary]

[Start s1]
No, this code does not contain instances of the malware objective known as Execution. The code is a Java class that defines a static method called ""invalidateOptionsMenu"" and another static method called ""dump"". These methods are used to invalidate the options menu and dump the activity's state, respectively. The code does not contain any code that would allow an attacker to execute malicious code.</s> 
[End s1]

Output the coherence score for s1 on a scale of 1 to 5 (i.e., /5).[/INST]  Based on the provided text, the coherence score for s1 is 4 out of 5.</s>","Based on the provided text, the coherence score for s1 is 4 out of 5.",4
"<s> [INST] <<SYS>>
Assign a coherence score for s1 on a scale of 1 to 5, where 1 is the lowest and 5 is the highest based on the coherence criteria. Coherence refers to the collective quality of all sentences. Align this dimension with the DUC quality question of structure and coherence whereby s1 should be well-structured and well-organized. s1 should not just be a heap of related information, but should build from sentence to a coherent body of information about a topic.
<</SYS>>

[Start summary]
This code defines a class called `ActivityCompatJB` that provides a compatibility layer for starting activities in Android Jelly Bean (API level 16) and later.

The class has three static methods:

1. `startActivity(Context context, Intent intent, Bundle options)`: This method starts an activity using the `startActivity()` method of the `Context` class. It takes three parameters:
	* `context`: The context of the activity that is starting the new activity.
	* `intent`: The intent that describes the activity to start.
	* `options`: The options for the activity, such as the animation to use when starting the activity.
2. `startActivityForResult(Activity activity, Intent intent, int requestCode, Bundle options)`: This method starts an activity using the `startActivityForResult()` method of the `Activity` class. It takes four parameters:
	* `activity`: The activity that is starting the new activity.
	* `intent`: The intent that describes the activity to start.
	* `requestCode`: The request code for the activity, which is used to identify the activity when it returns a result.
	* `options`: The options for the activity, such as the animation to use when starting the activity.
3. `finishAffinity(Activity activity)`: This method finishes the activity and all of its activities in the same task affinity. It takes one parameter:
	* `activity`: The activity that is being finished.

The `ActivityCompatJB` class is used to provide compatibility for the `startActivity()` and `startActivityForResult()` methods in Android Jelly Bean (API level 16) and later. These methods were added in Android 4.1 (Jelly Bean) and provide a way to start activities with options, such as the animation to use when starting the activity. The `ActivityCompatJB` class provides a compatibility layer for these methods, allowing them to be used in earlier versions of Android.</s> 
[End summary]

[Start s1]
No, this code does not contain instances of the malware objective known as Execution. The code is a Java class that defines a set of static methods for starting activities and finishing activities, but it does not contain any code that would allow for the execution of malicious code.</s> 
[End s1]

Output the coherence score for s1 on a scale of 1 to 5 (i.e., /5).[/INST]  Based on the provided text, the coherence score for s1 is 4 out of 5.</s>","Based on the provided text, the coherence score for s1 is 4 out of 5.",4
